Track URI,Track Name,Album Name,Artist Name(s),Release Date,Duration (ms),Popularity,Explicit,Added By,Added At,Genres,Record Label,Danceability,Energy,Key,Loudness,Mode,Speechiness,Acousticness,Instrumentalness,Liveness,Valence,Tempo,Time Signature
spotify:track:2nMeu6UenVvwUktBCpLMK9,"Young And Beautiful","Young And Beautiful","Lana Del Rey",2013-01-01,236053,91,false,31obk3g3hqkzzzbcgy6uonvv4zfu,2022-10-22T17:57:49Z,"","Polydor Records",0.324,0.416,11,-8.92,0,0.0368,0.262,0.0000369,0.11,0.151,113.986,4
spotify:track:1f8zcJPvJKvxAOjEqM0pyc,"Love Yourself","Purpose (Deluxe)","Justin Bieber",2015-11-13,233720,77,false,31obk3g3hqkzzzbcgy6uonvv4zfu,2022-10-22T17:17:56Z,"","RBMG/Def Jam",0.609,0.378,4,-9.828,1,0.438,0.835,0,0.28,0.515,100.43,4
spotify:track:2ORrgw8M0ZbrFlm5cpaKCv,"True Colors","True Colors","Anna Kendrick;Justin Timberlake",2016-09-16,243720,64,false,31obk3g3hqkzzzbcgy6uonvv4zfu,2022-10-23T01:40:14Z,"children’s music","Villa 40/RCA Records",0.29,0.261,4,-9.163,1,0.0277,0.66,0,0.155,0.0999,143.598,4
spotify:track:1nInOsHbtotAmEOQhtvnzP,"Stronger (What Doesn't Kill You)","Stronger (Deluxe Version)","Kelly Clarkson",2011-10-24,221946,81,false,31obk3g3hqkzzzbcgy6uonvv4zfu,2022-10-23T01:49:05Z,"christmas","RCA Records Label",0.562,0.939,0,-4.282,1,0.0475,0.046,0,0.112,0.684,116.044,4
spotify:track:5TvE3pk05pyFIGdSY9j4DJ,"Say Something","Is There Anybody Out There? - Track by Track Commentary","A Great Big World;Christina Aguilera",2014-01-16,229400,69,false,31obk3g3hqkzzzbcgy6uonvv4zfu,2022-10-22T17:28:56Z,"","Epic",0.407,0.147,2,-8.822,1,0.0355,0.857,0.00000289,0.0913,0.0765,141.284,3
spotify:track:2wQ411UQL2MRsdAgPRUstT,"Walk Thru Fire","Walk Thru Fire","Vicetone",2018-08-03,194482,67,false,31obk3g3hqkzzzbcgy6uonvv4zfu,2022-10-22T17:00:52Z,"edm","Monstercat",0.639,0.664,5,-4.926,1,0.0357,0.329,0.00000153,0.382,0.351,116.028,4
spotify:track:1QV6tiMFM6fSOKOGLMHYYg,"Poker Face","The Fame","Lady Gaga",2008-01-01,237200,87,true,31obk3g3hqkzzzbcgy6uonvv4zfu,2022-10-22T17:01:25Z,"art pop,pop","Streamline/Interscope",0.851,0.806,4,-4.618,1,0.0787,0.119,0.00000172,0.121,0.774,119.001,4
spotify:track:4cluDES4hQEUhmXj6TXkSo,"What Makes You Beautiful","Up All Night","One Direction",2012-05-25,199986,89,false,31obk3g3hqkzzzbcgy6uonvv4zfu,2022-10-22T17:07:01Z,"","Syco Music UK",0.726,0.787,4,-2.494,1,0.0737,0.009,0,0.0596,0.888,124.99,4
spotify:track:23L5CiUhw2jV1OIMwthR3S,"In the Name of Love","In the Name of Love","Martin Garrix;Bebe Rexha",2016-07-29,198815,85,false,31obk3g3hqkzzzbcgy6uonvv4zfu,2022-10-22T17:07:38Z,"edm,progressive house,electronica","Epic Amsterdam",0.501,0.519,4,-5.88,0,0.0409,0.109,0,0.454,0.168,133.99,4
spotify:track:60wwxj6Dd9NJlirf84wr2c,"Clarity","Clarity","Zedd;Foxes",2012-01-01,271426,85,false,31obk3g3hqkzzzbcgy6uonvv4zfu,2022-10-22T17:07:49Z,"edm","Interscope",0.509,0.781,8,-3.48,1,0.072,0.0398,0,0.0749,0.176,128,4
spotify:track:4G6jzemWcZcSNiuf9422b7,"Auld Lang Syne (Smooth Jazz Version)","Traditional Christmas: Jazz Versions","One Man Quartet",2016-11-17,174921,16,false,31obk3g3hqkzzzbcgy6uonvv4zfu,2022-10-22T17:08:35Z,"","One Man Quartet",0.539,0.122,5,-15.862,1,0.0296,0.964,0.953,0.103,0.286,75.042,4
spotify:track:4Oun2ylbjFKMPTiaSbbCih,"WAP (feat. Megan Thee Stallion)","WAP (feat. Megan Thee Stallion)","Cardi B;Megan Thee Stallion",2020-08-07,187546,77,true,31obk3g3hqkzzzbcgy6uonvv4zfu,2022-10-22T17:08:49Z,"","Atlantic/KSR",0.935,0.454,1,-7.509,1,0.375,0.0194,0,0.0824,0.357,133.073,4
spotify:track:18uwL0vNUanqZH0ro2QcOP,"comethru","summer,","Jeremy Zucker",2018-09-28,181613,75,false,31obk3g3hqkzzzbcgy6uonvv4zfu,2022-10-22T17:10:20Z,"","Republic Records",0.796,0.178,0,-11.991,1,0.0572,0.607,0,0.623,0.608,93.976,4
spotify:track:15JINEqzVMv3SvJTAXAKED,"Love The Way You Lie","Recovery","Eminem;Rihanna",2010-06-18,263373,90,true,31obk3g3hqkzzzbcgy6uonvv4zfu,2022-10-22T17:17:51Z,"rap,hip hop","Eminem Catalog PS",0.749,0.925,10,-5.034,1,0.227,0.241,0,0.52,0.641,86.989,4
spotify:track:5JlqbEj7Bbh2RdZgcO5kJE,"One Day","Light","Matisyahu",2009-08-10,207573,58,false,31obk3g3hqkzzzbcgy6uonvv4zfu,2022-10-22T17:14:44Z,"reggae,reggae rock,christian reggae","Fallen Sparks Records",0.346,0.61,0,-5.818,1,0.15,0.198,0,0.117,0.235,68.552,4
spotify:track:4CnbiWjq0i7YPhKNnmt10T,"Wicked Wonderland","Wicked Wonderland","Tungevaag",2014-06-12,217270,62,false,31obk3g3hqkzzzbcgy6uonvv4zfu,2022-10-22T17:03:40Z,"big room","Kontor Records",0.7,0.812,6,-5.772,0,0.135,0.00461,0.0165,0.397,0.749,127.928,4
spotify:track:0u2P5u6lvoDfwTYjAADbn4,"lovely (with Khalid)","lovely (with Khalid)","Billie Eilish;Khalid",2018-04-19,200185,89,false,31obk3g3hqkzzzbcgy6uonvv4zfu,2022-10-22T17:17:05Z,"","Darkroom",0.351,0.296,4,-10.109,0,0.0333,0.934,0,0.095,0.12,115.284,4
spotify:track:0puf9yIluy9W0vpMEUoAnN,"Bang Bang","Sweet Talker (Deluxe Version)","Jessie J;Ariana Grande;Nicki Minaj",2014-10-10,199386,83,false,31obk3g3hqkzzzbcgy6uonvv4zfu,2022-10-22T17:18:12Z,"pop","Lava Music/Republic Records",0.706,0.786,0,-3.417,0,0.091,0.26,0,0.38,0.751,150.028,4
spotify:track:5yDL13y5giogKs2fSNf7sj,"Glad You Came","Battleground (Deluxe Edition)","The Wanted",2011-01-01,197935,82,false,31obk3g3hqkzzzbcgy6uonvv4zfu,2022-10-22T17:20:20Z,"","Universal-Island Records Ltd.",0.722,0.851,7,-3.873,0,0.0639,0.0319,0,0.108,0.452,126.885,4
spotify:track:35OsWv6XBj3ZvAejnnPSZT,"Take Me Hand","Take Me Hand","Daishi Dance;Cécile Corbel",2012-11-14,259480,57,false,31obk3g3hqkzzzbcgy6uonvv4zfu,2022-10-22T17:20:39Z,"shibuya-kei,j-dance,celtic,anime","Pop",0.585,0.698,11,-8.026,0,0.0255,0.522,0.0553,0.253,0.279,128.053,4
spotify:track:7qiZfU4dY1lWllzX7mPBI3,"Shape of You","÷ (Deluxe)","Ed Sheeran",2017-03-03,233712,92,false,31obk3g3hqkzzzbcgy6uonvv4zfu,2022-10-22T17:21:06Z,"soft pop","Atlantic Records UK",0.825,0.652,1,-3.183,0,0.0802,0.581,0,0.0931,0.931,95.977,4
spotify:track:5D1GCApW67z8SIJBsl9vZU,"Kung Fu Fighting (Celebration Time)","Kung Fu Panda 3 (Music from the Motion Picture)","Shanghai Roxi Musical Studio Choirs;Metro Voices London;Metro Voices",2016-01-22,179386,39,false,31obk3g3hqkzzzbcgy6uonvv4zfu,2022-10-22T17:22:15Z,"","Sony Classical",0.594,0.923,4,-7.613,0,0.0714,0.126,0.0651,0.0946,0.394,111.996,4
spotify:track:78Sw5GDo6AlGwTwanjXbGh,"Here With Me","Here With Me","d4vd",2022-09-22,242484,4,false,31obk3g3hqkzzzbcgy6uonvv4zfu,2022-10-22T17:20:56Z,"","Darkroom/Interscope Records",0.574,0.469,4,-8.209,1,0.0254,0.534,0.0000921,0.128,0.288,132.023,4
spotify:track:1FpVJ7HpZInE2GvhVE2TwT,"Legends Never Die","Legends Never Die","League of Legends;Against The Current",2017-09-15,235000,14,false,31obk3g3hqkzzzbcgy6uonvv4zfu,2022-10-22T17:23:18Z,"pop punk","Riot Games",0.498,0.598,4,-6.638,0,0.0377,0.00786,0,0.111,0.0573,140.078,4
spotify:track:2tpWsVSb9UEmDRxAl1zhX1,"Counting Stars","Native","OneRepublic",2013-01-01,257265,91,false,31obk3g3hqkzzzbcgy6uonvv4zfu,2022-10-22T17:19:26Z,"","Mosley / Interscope",0.663,0.706,1,-4.972,0,0.0383,0.0654,0,0.118,0.474,122.013,4
spotify:track:6lanRgr6wXibZr8KgzXxBl,"a thousand years","a thousand years","Christina Perri",2011-10-18,285120,88,false,31obk3g3hqkzzzbcgy6uonvv4zfu,2022-10-22T17:15:06Z,"soft pop","Atlantic Records",0.421,0.407,10,-7.445,1,0.0267,0.309,0.000961,0.11,0.161,139.028,3
spotify:track:1mXuMM6zjPgjL4asbBsgnt,"Firework","Teenage Dream","Katy Perry",2010-08-24,227893,74,false,31obk3g3hqkzzzbcgy6uonvv4zfu,2022-10-22T17:24:44Z,"pop","Capitol Records",0.638,0.831,8,-5.039,1,0.049,0.142,0,0.113,0.649,124.071,4
spotify:track:0qcr5FMsEO85NAQjrlDRKo,"Let It Go - From ""Frozen""/Soundtrack Version","Frozen (Original Motion Picture Soundtrack / Deluxe Edition)","Idina Menzel",2013-01-01,223840,81,false,31obk3g3hqkzzzbcgy6uonvv4zfu,2022-10-22T17:24:57Z,"musicals","Walt Disney Records",0.543,0.485,8,-6.79,1,0.0305,0.555,0,0.12,0.372,136.961,4
spotify:track:4PVm8e67skz8B8wiJP2kwk,"New Thang","New Thang","Redfoo",2015-07-13,226800,64,false,31obk3g3hqkzzzbcgy6uonvv4zfu,2022-10-22T17:26:57Z,"","Party Rock Records",0.743,0.841,0,-5.189,1,0.0391,0.0156,0,0.133,0.814,100.003,4
spotify:track:0XPsOSYzDJZJArevQNm2AR,"Speechless (Full)","Aladdin (Original Motion Picture Soundtrack)","Naomi Scott",2019-05-22,208800,72,false,31obk3g3hqkzzzbcgy6uonvv4zfu,2022-10-22T17:31:54Z,"","Walt Disney Records",0.474,0.489,6,-7.625,0,0.0342,0.467,0,0.119,0.23,124.844,4
spotify:track:5HCyWlXZPP0y6Gqq8TgA20,"STAY (with Justin Bieber)","STAY (with Justin Bieber)","The Kid LAROI;Justin Bieber",2021-07-09,141805,84,true,31obk3g3hqkzzzbcgy6uonvv4zfu,2022-10-22T17:32:18Z,"","Columbia",0.591,0.764,1,-5.484,1,0.0483,0.0383,0,0.103,0.478,169.928,4
spotify:track:4Sfa7hdVkqlM8UW5LsSY3F,"Take a Walk","Gossamer","Passion Pit",2012-07-23,264546,69,false,31obk3g3hqkzzzbcgy6uonvv4zfu,2022-10-22T17:36:19Z,"indie","Columbia",0.566,0.755,11,-5.526,1,0.0368,0.0338,0,0.315,0.445,101.006,4
spotify:track:0tBbt8CrmxbjRP0pueQkyU,"Wolves","Wolves","Selena Gomez;Marshmello",2017-10-25,197993,80,false,31obk3g3hqkzzzbcgy6uonvv4zfu,2022-10-23T01:36:40Z,"edm","Selena Gomez PS",0.725,0.804,11,-4.614,0,0.0422,0.124,0,0.204,0.31,124.996,4
spotify:track:0zREtnLmVnt8KUJZZbSdla,"Wavin' Flag","Troubadour","K'NAAN",2009,220520,64,false,31obk3g3hqkzzzbcgy6uonvv4zfu,2022-10-23T01:38:02Z,"","Interscope Records*",0.625,0.699,0,-6.416,1,0.0729,0.13,0,0.238,0.717,75.974,4
spotify:track:2igwFfvr1OAGX9SKDCPBwO,"Empire State Of Mind","The Blueprint 3","JAŸ-Z;Alicia Keys",2009-09-08,276920,90,true,31obk3g3hqkzzzbcgy6uonvv4zfu,2022-10-23T01:38:16Z,"hip hop,east coast hip hop,rap,r&b,neo soul","Roc Nation / Jay-Z",0.491,0.956,11,-1.538,1,0.392,0.0295,0,0.46,0.811,173.585,4
spotify:track:2dpaYNEQHiRxtZbfNsse99,"Happier","Happier","Marshmello;Bastille",2018-08-17,214289,12,false,31obk3g3hqkzzzbcgy6uonvv4zfu,2022-10-23T01:38:38Z,"edm","Astralwerks",0.687,0.792,5,-2.749,1,0.0452,0.191,0,0.167,0.671,100.011,4
spotify:track:0azC730Exh71aQlOt9Zj3y,"This Is What You Came For","This Is What You Came For","Calvin Harris;Rihanna",2016-04-29,221900,82,false,31obk3g3hqkzzzbcgy6uonvv4zfu,2022-10-23T01:39:51Z,"edm","Columbia",0.631,0.927,9,-2.787,0,0.0332,0.199,0.119,0.148,0.465,123.962,4
spotify:track:1N3dZ7TTWO6VcD4Y3hHYLZ,"Try Everything","Zootopia (Original Motion Picture Soundtrack)","Shakira",2016-02-12,196853,78,false,31obk3g3hqkzzzbcgy6uonvv4zfu,2022-10-23T01:40:08Z,"latin pop","Walt Disney Records",0.705,0.609,1,-4.897,1,0.0307,0.0257,0,0.0846,0.476,115.474,4
spotify:track:3cHyrEgdyYRjgJKSOiOtcS,"Timber","Global Warming: Meltdown (Deluxe Version)","Pitbull;Kesha",2012,204134,88,false,31obk3g3hqkzzzbcgy6uonvv4zfu,2022-10-23T01:40:50Z,"","Mr.305/Polo Grounds Music/RCA Records",0.581,0.963,11,-4.087,1,0.0981,0.0295,0,0.139,0.788,129.992,4
spotify:track:37BZB0z9T8Xu7U3e65qxFy,"Save Your Tears (with Ariana Grande) (Remix)","Save Your Tears (Remix)","The Weeknd;Ariana Grande",2021-04-23,191013,81,false,31obk3g3hqkzzzbcgy6uonvv4zfu,2022-10-22T17:29:03Z,"pop","Republic Records",0.65,0.825,0,-4.645,1,0.0325,0.0215,0.0000244,0.0936,0.593,118.091,4
spotify:track:10nqz67NQWWa7XPq7ycihi,"Welcome To New York","1989","Taylor Swift",2014-01-01,212600,69,false,31obk3g3hqkzzzbcgy6uonvv4zfu,2022-10-23T01:37:08Z,"","Taylor Swift",0.793,0.634,7,-4.807,1,0.0324,0.038,0.00000176,0.304,0.615,117.023,4
spotify:track:7bYZBVrnRfqeaPbhRyEvK3,"Thrift Shop (feat. Wanz)","The Heist (Deluxe Edition)","Macklemore & Ryan Lewis;Macklemore;Ryan Lewis;Wanz",2012-10-09,235613,70,true,31obk3g3hqkzzzbcgy6uonvv4zfu,2022-10-23T01:41:07Z,"g-funk,west coast hip hop","Macklemore",0.781,0.526,6,-6.986,0,0.293,0.0633,0,0.0457,0.665,94.993,4
spotify:track:09IStsImFySgyp0pIQdqAc,"The Middle","The Middle","Zedd;Maren Morris;Grey",2018-01-23,184732,83,false,31obk3g3hqkzzzbcgy6uonvv4zfu,2022-10-23T01:41:45Z,"edm,country","UMGRI Interscope",0.753,0.657,7,-3.061,1,0.0449,0.171,0,0.112,0.437,107.01,4
spotify:track:7ju97lgwC2rKQ6wwsf9no9,"Rain On Me (with Ariana Grande)","Chromatica","Lady Gaga;Ariana Grande",2020-05-29,182200,78,false,31obk3g3hqkzzzbcgy6uonvv4zfu,2022-10-23T01:42:31Z,"art pop,pop","Interscope",0.672,0.855,9,-3.764,1,0.0397,0.021,0,0.323,0.646,123.056,4
spotify:track:1x5sYLZiu9r5E43kMlt9f8,"Symphony (feat. Zara Larsson)","Symphony (feat. Zara Larsson)","Clean Bandit;Zara Larsson",2017-03-16,212459,78,false,31obk3g3hqkzzzbcgy6uonvv4zfu,2022-10-23T01:42:51Z,"","Atlantic Records UK",0.707,0.629,0,-4.581,0,0.0563,0.259,0.000016,0.138,0.457,122.863,4
spotify:track:161DnLWsx1i3u1JT05lzqU,"Talking to the Moon","Doo-Wops & Hooligans","Bruno Mars",2010-05-11,217866,87,false,31obk3g3hqkzzzbcgy6uonvv4zfu,2022-10-23T01:43:28Z,"","Atlantic Records",0.498,0.59,1,-4.721,0,0.032,0.511,0,0.107,0.0784,145.867,4
spotify:track:0WCiI0ddWiu5F2kSHgfw5S,"Take It Off","Animal (Expanded Edition)","Kesha",2010-01-01,215200,79,false,31obk3g3hqkzzzbcgy6uonvv4zfu,2022-10-23T01:43:52Z,"","RCA Records Label",0.729,0.675,5,-5.292,0,0.0286,0.0000414,0.00126,0.0867,0.74,125.036,4
spotify:track:7eJMfftS33KTjuF7lTsMCx,"death bed (coffee for your head)","death bed (coffee for your head)","Powfu;beabadoobee",2020-02-08,173333,84,false,31obk3g3hqkzzzbcgy6uonvv4zfu,2022-10-23T01:44:44Z,"bedroom pop","Columbia",0.726,0.431,8,-8.765,0,0.135,0.731,0,0.696,0.348,144.026,4
spotify:track:5iyZwawawLjHYpX4MxUKVF,"Salt","Heaven & Hell","Ava Max",2020-09-18,180283,70,false,31obk3g3hqkzzzbcgy6uonvv4zfu,2022-10-22T17:29:26Z,"","Atlantic Records",0.693,0.835,6,-3.242,1,0.0624,0.131,0,0.073,0.744,128.052,4
spotify:track:3YaRY9vbpnggTArCdGVXnS,"Past Lives","Past Lives","Martin Arteta;creamy",2020-09-21,134544,61,false,31obk3g3hqkzzzbcgy6uonvv4zfu,2022-10-23T01:45:10Z,"lo-fi","creamy, martin arteta",0.723,0.131,3,-17.076,1,0.0353,0.922,0.0256,0.0775,0.16,116.049,4
spotify:track:0ct6r3EGTcMLPtrXHDvVjc,"The Nights","The Days / Nights","Avicii",2014-01-01,176658,89,false,31obk3g3hqkzzzbcgy6uonvv4zfu,2022-10-23T01:41:22Z,"edm","Pophouse Entertainment Group",0.527,0.835,6,-5.298,1,0.0433,0.0166,0,0.249,0.654,125.983,4
spotify:track:3BJe4B8zGnqEdQPMvfVjuS,"Summertime Sadness","Born To Die - The Paradise Edition","Lana Del Rey",2012-01-01,265427,87,false,31obk3g3hqkzzzbcgy6uonvv4zfu,2022-10-23T01:45:32Z,"","Polydor Records",0.565,0.654,1,-6.826,0,0.0335,0.0542,0.0000018,0.122,0.235,111.968,4
spotify:track:5d6Mjuu2uCGRPYpFjGpCX5,"Sugar","V (Asia Tour Edition)","Maroon 5",2015-05-18,235493,74,true,31obk3g3hqkzzzbcgy6uonvv4zfu,2022-10-23T01:49:18Z,"pop","Interscope Records*",0.748,0.788,1,-7.055,1,0.0334,0.0591,0,0.0863,0.884,120.076,4
spotify:track:6UelLqGlWMcVH1E5c4H7lY,"Watermelon Sugar","Fine Line","Harry Styles",2019-12-13,173991,89,false,31obk3g3hqkzzzbcgy6uonvv4zfu,2022-10-23T01:49:41Z,"","Columbia",0.548,0.816,0,-4.209,1,0.0465,0.122,0,0.335,0.557,95.39,4
spotify:track:3zkWCteF82vJwv0hRLba76,"Stitches","Handwritten","Shawn Mendes",2015-04-14,206880,8,false,31obk3g3hqkzzzbcgy6uonvv4zfu,2022-10-23T01:49:55Z,"","Island Records",0.752,0.754,1,-6.684,1,0.0615,0.0151,0,0.0486,0.755,149.789,4
spotify:track:2JzZzZUQj3Qff7wapcbKjc,"See You Again (feat. Charlie Puth)","See You Again (feat. Charlie Puth)","Wiz Khalifa;Charlie Puth",2015,229525,87,false,31obk3g3hqkzzzbcgy6uonvv4zfu,2022-10-23T01:50:04Z,"soft pop","Atlantic Records",0.689,0.481,10,-7.503,1,0.0815,0.369,0.00000103,0.0649,0.283,80.025,4
spotify:track:34oB5r0lcN3fYWCs2uA1k5,"The Cure","The Cure","Lady Gaga",2017-04-16,211363,67,false,31obk3g3hqkzzzbcgy6uonvv4zfu,2022-10-23T01:42:16Z,"art pop,pop","Interscope",0.697,0.506,8,-4.863,1,0.0325,0.0792,0,0.0893,0.516,100.002,4
spotify:track:42ydLwx4i5V49RXHOozJZq,"Scars To Your Beautiful","Know-It-All (Deluxe)","Alessia Cara",2016-03-11,230226,74,false,31obk3g3hqkzzzbcgy6uonvv4zfu,2022-10-22T17:29:40Z,"","EP Entertainment, LLC / Def Jam",0.319,0.739,0,-5.74,1,0.272,0.0285,0,0.111,0.449,194.169,4
spotify:track:27tNWlhdAryQY04Gb2ZhUI,"Roar","PRISM","Katy Perry",2013-01-01,223546,84,false,31obk3g3hqkzzzbcgy6uonvv4zfu,2022-10-23T01:53:19Z,"pop","Capitol Records (CAP)",0.671,0.771,7,-4.821,0,0.0316,0.00492,0.00000728,0.354,0.436,90.003,4
spotify:track:10AsRVRdU07cMAFHeGYO3c,"Solo Dance","Solo Dance","Martin Jensen",2016-11-04,174933,69,false,31obk3g3hqkzzzbcgy6uonvv4zfu,2022-10-23T01:53:56Z,"","Intercord",0.746,0.846,9,-2.432,1,0.048,0.0485,0,0.195,0.403,114.955,4
spotify:track:7qEHsqek33rTcFNT9PFqLf,"Someone You Loved","Divinely Uninspired To A Hellish Extent","Lewis Capaldi",2019-05-17,182160,89,false,31obk3g3hqkzzzbcgy6uonvv4zfu,2022-10-23T01:54:21Z,"soft pop","Vertigo Berlin",0.501,0.405,1,-5.679,1,0.0319,0.751,0,0.105,0.446,109.891,4
spotify:track:1CnPYaKxTVb4LWOtiGOm0m,"All Time Low","The Human Condition","Jon Bellion",2016-06-10,217603,69,true,31obk3g3hqkzzzbcgy6uonvv4zfu,2022-10-23T01:55:46Z,"","Capitol Records (CAP)",0.617,0.567,0,-4.188,1,0.0828,0.0584,0,0.0933,0.505,90.246,4
spotify:track:4mQMvcRtQou5yI8mjuJ1lf,"100 Ways","100 Ways","Jackson Wang",2020-03-20,168626,0,false,31obk3g3hqkzzzbcgy6uonvv4zfu,2022-10-23T01:54:52Z,"k-pop","88rising Music/Warner Records",0.801,0.783,7,-7.08,1,0.241,0.325,0,0.285,0.613,109.955,4
spotify:track:5yFSF6qQA1rcLsQRnBsZgb,"All Falls Down (feat. Juliander)","All Falls Down (feat. Juliander)","Alan Walker;Noah Cyrus;Digital Farm Animals;Juliander",2017-10-27,199111,65,true,31obk3g3hqkzzzbcgy6uonvv4zfu,2022-10-23T01:55:27Z,"swedish pop","Kreatell Music",0.658,0.678,1,-4.407,1,0.058,0.303,0,0.361,0.662,97.976,4
spotify:track:4dlnA5FzHCmVbpexOOdEaQ,"My Boyfriend Is Gay","My Boyfriend Is Gay","Hailey Rowe",2013-02-01,235176,24,false,31obk3g3hqkzzzbcgy6uonvv4zfu,2022-10-22T17:27:07Z,"","Hailey Rowe",0.856,0.735,11,-5.35,0,0.0354,0.0613,0.0000115,0.0836,0.975,118.023,4
spotify:track:03f7xZmt2wHCIDJBFPK8G4,"Soap","Cry Baby (Deluxe Edition)","Melanie Martinez",2015-08-14,209426,75,false,31obk3g3hqkzzzbcgy6uonvv4zfu,2022-10-22T17:30:09Z,"","Atlantic Records",0.595,0.689,6,-6.107,0,0.148,0.254,0.00000544,0.129,0.213,168.112,4
spotify:track:3h4T9Bg8OVSUYa6danHeH5,"Animals","V (Asia Tour Edition)","Maroon 5",2015-05-18,231013,78,false,31obk3g3hqkzzzbcgy6uonvv4zfu,2022-10-23T01:56:28Z,"pop","Interscope Records*",0.279,0.742,4,-6.46,0,0.0898,0.000185,0,0.593,0.328,189.868,4
spotify:track:6ucR4KfvsBFWCMVFDvyKKl,"Apologize","Shock Value","Timbaland;OneRepublic",2007-04-02,184400,78,false,31obk3g3hqkzzzbcgy6uonvv4zfu,2022-10-23T01:56:46Z,"","Interscope/Blackground Records",0.653,0.603,8,-6.017,1,0.0278,0.0292,0,0.097,0.101,118.016,4
spotify:track:0pwYLVXVknPSGUQb39cePC,"As Long As You Love Me","Believe (Deluxe Edition)","Justin Bieber;Big Sean",2012-06-15,229466,74,false,31obk3g3hqkzzzbcgy6uonvv4zfu,2022-10-23T01:57:16Z,"","RBMG/Def Jam",0.571,0.873,0,-3.382,0,0.1,0.0811,0,0.361,0.613,139.691,4
spotify:track:06AMpcajziFnEKniV25fiU,"Star Sky","Battlecry","Two Steps from Hell;Thomas Bergersen",2015-04-28,330579,3,false,31obk3g3hqkzzzbcgy6uonvv4zfu,2022-10-23T01:57:23Z,"orchestral","Two Steps From Hell",0.443,0.822,2,-5.656,0,0.0508,0.00997,0.107,0.0889,0.361,130.055,4
spotify:track:2F9xBxKbx2M0pbgtSu8fLf,"Victory","Battlecry","Two Steps from Hell;Thomas Bergersen",2015-04-28,320467,6,false,31obk3g3hqkzzzbcgy6uonvv4zfu,2022-10-23T01:57:39Z,"orchestral","Two Steps From Hell",0.503,0.917,10,-6.111,1,0.0649,0.00903,0.326,0.162,0.266,119.993,4
spotify:track:0SiywuOBRcynK0uKGWdCnn,"Bad Romance","The Fame Monster (Deluxe Edition)","Lady Gaga",2009-11-05,294573,89,true,31obk3g3hqkzzzbcgy6uonvv4zfu,2022-10-23T01:58:34Z,"art pop,pop","Interscope",0.695,0.921,0,-3.752,1,0.0363,0.00314,0.0000526,0.0842,0.714,119.007,4
spotify:track:5cF0dROlMOK5uNZtivgu50,"Attention","Voicenotes","Charlie Puth",2018-05-11,208786,90,false,31obk3g3hqkzzzbcgy6uonvv4zfu,2022-10-23T01:57:55Z,"soft pop","Artist Partner",0.775,0.613,3,-4.586,0,0.0542,0.109,0.0000233,0.134,0.797,100.066,4
spotify:track:0pqnGHJpmpxLKifKRmU6WP,"Believer","Evolve","Imagine Dragons",2017-06-23,204346,90,false,31obk3g3hqkzzzbcgy6uonvv4zfu,2022-10-23T01:58:54Z,"","Kid Ina Korner / Interscope",0.776,0.78,10,-4.374,0,0.128,0.0622,0,0.081,0.666,124.949,4
spotify:track:3hUxzQpSfdDqwM3ZTFQY0K,"august","folklore","Taylor Swift",2020-07-24,261922,89,false,31obk3g3hqkzzzbcgy6uonvv4zfu,2022-10-23T01:58:09Z,"","Taylor Swift",0.532,0.623,5,-9.208,1,0.0331,0.538,0.0000728,0.0925,0.403,89.937,4
spotify:track:78qd8dvwea0Gosb6Fe6j3k,"Boss Bitch","Boss Bitch","Doja Cat",2020-01-23,134239,78,true,31obk3g3hqkzzzbcgy6uonvv4zfu,2022-10-23T01:59:37Z,"","Atlantic Records",0.707,0.955,10,-4.593,0,0.222,0.127,0,0.202,0.575,125.989,4
spotify:track:3hWfKBt3n7j1xqIy6LA5ve,"Astronomia","Astronomia","Vicetone;Tony Igy",2016-09-16,198095,68,false,31obk3g3hqkzzzbcgy6uonvv4zfu,2022-10-23T01:57:04Z,"edm","b1",0.653,0.945,5,-2.634,1,0.096,0.00561,0.915,0.439,0.326,126.093,4
spotify:track:7BKLCZ1jbUBVqRi2FVlTVw,"Closer","Closer","The Chainsmokers;Halsey",2016-07-29,244960,91,false,31obk3g3hqkzzzbcgy6uonvv4zfu,2022-10-23T02:00:17Z,"","Disruptor Records/Columbia",0.748,0.524,8,-5.599,1,0.0338,0.414,0,0.111,0.661,95.01,4
spotify:track:1WyBe9jWz0wbwUItMAnaLb,"Sold Out","Diamonds","Hawk Nelson",2015-03-17,213093,59,false,31obk3g3hqkzzzbcgy6uonvv4zfu,2022-10-23T01:53:34Z,"christian rock,christian,christian alternative rock,ccm,christian pop","Fair Trade/Columbia",0.632,0.954,4,-2.479,0,0.0604,0.129,0,0.414,0.788,120.061,4
spotify:track:4QTuyRQshEZYurtIDfE6g0,"By Your Side","Blue","Jonas Blue;RAYE",2018-11-09,201254,69,false,31obk3g3hqkzzzbcgy6uonvv4zfu,2022-10-23T02:01:27Z,"tropical house","Positiva",0.695,0.743,6,-3.85,1,0.0329,0.0786,0,0.0587,0.634,123.007,4
spotify:track:75XFooCHP7k9PCl8Jjqkrd,"Chance","Chance","Aspyer;Kyle Reynolds;Carly Jay",2018-03-02,213090,0,false,31obk3g3hqkzzzbcgy6uonvv4zfu,2022-10-23T02:03:16Z,"progressive house,future house,melodic bass","Thrive Music, LLC",0.393,0.706,11,-4.157,0,0.056,0.345,0,0.059,0.291,82.073,4
spotify:track:7aftSOGSOpSoIlVAQVBb71,"Break Up In A Small Town","Montevallo","Sam Hunt",2014-10-24,229880,72,false,31obk3g3hqkzzzbcgy6uonvv4zfu,2022-10-23T02:00:10Z,"country,pop country","MCA Nashville",0.579,0.776,8,-5.365,1,0.173,0.0749,0,0.239,0.434,136.044,4
spotify:track:0cqRj7pUJDkTCEsJkx8snD,"Shake It Off","1989 (Deluxe)","Taylor Swift",2014-01-01,219200,86,false,31obk3g3hqkzzzbcgy6uonvv4zfu,2022-10-23T01:44:02Z,"","Taylor Swift",0.647,0.8,7,-5.384,1,0.165,0.0647,0,0.334,0.942,160.078,4
spotify:track:2mlGPkAx4kwF8Df0GlScsC,"Buttercup","Pop Food","Jack Stauber",2017-03-25,208026,73,false,31obk3g3hqkzzzbcgy6uonvv4zfu,2022-10-23T02:01:52Z,"","Plopscotch Records",0.705,0.373,7,-9.066,1,0.0384,0.723,0.81,0.289,0.551,120.046,4
spotify:track:58wyJLv6yH1La9NIZPl3ne,"Can We Kiss Forever?","Can We Kiss Forever?","Kina;Adriana Proenza",2018-08-31,187931,73,false,31obk3g3hqkzzzbcgy6uonvv4zfu,2022-10-23T02:02:21Z,"","Columbia",0.522,0.128,4,-18.717,1,0.0357,0.894,0.026,0.0941,0.124,109.986,4
spotify:track:2Wc2tcQl7cPetPKeXH3GD3,"East of Eden","Kicker","Zella Day",2015-01-01,186213,60,false,31obk3g3hqkzzzbcgy6uonvv4zfu,2022-10-23T02:10:15Z,"","Pinetop Records",0.598,0.803,1,-3.203,0,0.0349,0.0355,0.0000966,0.107,0.567,122.889,4
spotify:track:3QGsuHI8jO1Rx4JWLUh9jd,"Treat You Better","Illuminate","Shawn Mendes",2017-04-20,187973,95,false,31obk3g3hqkzzzbcgy6uonvv4zfu,2022-10-23T02:04:45Z,"","Island Records",0.443,0.82,10,-4.091,0,0.34,0.107,0,0.107,0.771,82.697,4
spotify:track:30XU4suKzCeoCK9YFzdufg,"Born This Way","Born This Way (International Special Edition Version)","Lady Gaga",2011-05-23,260252,77,false,31obk3g3hqkzzzbcgy6uonvv4zfu,2022-10-23T01:59:26Z,"art pop,pop","Interscope",0.587,0.828,11,-5.108,1,0.161,0.00327,0,0.331,0.493,123.907,4
spotify:track:47UFoOuvrkt4khE7c5aap6,"Cradles","Cradles","Sub Urban",2019-01-04,209829,12,false,31obk3g3hqkzzzbcgy6uonvv4zfu,2022-10-23T02:05:21Z,"","NCS",0.537,0.586,6,-1.864,1,0.314,0.265,0.0000704,0.175,0.624,79.056,4
spotify:track:4HBZA5flZLE435QTztThqH,"Stuck with U (with Justin Bieber)","Stuck with U","Ariana Grande;Justin Bieber",2020-05-08,228482,83,false,31obk3g3hqkzzzbcgy6uonvv4zfu,2022-10-23T02:18:24Z,"pop","Ariana Grande & Justin Bieber "Stuck With U"- Charity",0.597,0.45,8,-6.658,1,0.0418,0.223,0,0.382,0.537,178.765,3
spotify:track:6JAfKIASRQQMyf1sA4cBq1,"Counting Sheep","Embracing Me - EP","SAFIA",2016-03-04,154186,53,false,31obk3g3hqkzzzbcgy6uonvv4zfu,2022-10-23T02:06:05Z,"","EMI",0.775,0.469,10,-7.363,0,0.0322,0.0102,0.00000299,0.122,0.644,94.972,4
spotify:track:0O45fw2L5vsWpdsOdXwNAR,"SexyBack (feat. Timbaland)","FutureSex/LoveSounds","Justin Timberlake;Timbaland",2006-09-12,242733,88,true,31obk3g3hqkzzzbcgy6uonvv4zfu,2022-10-23T02:20:16Z,"","Jive",0.967,0.583,7,-5.562,0,0.0789,0.0584,0,0.0519,0.964,117,4
spotify:track:6habFhsOp2NvshLv26DqMb,"Despacito","VIDA","Luis Fonsi;Daddy Yankee",2019-02-01,229360,86,false,31obk3g3hqkzzzbcgy6uonvv4zfu,2022-10-23T02:08:22Z,"latin,reggaeton","UMLE - Latino",0.655,0.797,2,-4.787,1,0.153,0.198,0,0.067,0.839,177.928,4
spotify:track:6epn3r7S14KUqlReYr77hA,"Baby","My World 2.0","Justin Bieber;Ludacris",2010-01-01,214240,91,false,31obk3g3hqkzzzbcgy6uonvv4zfu,2022-10-23T01:57:29Z,"southern hip hop","RBMG/Def Jam",0.728,0.859,5,-5.237,0,0.137,0.0401,0,0.111,0.535,65.043,4
spotify:track:2S1LebN6AXXQqJolBxlWgO,"Earth","Earth","Lil Dicky",2019-04-18,281500,1,true,31obk3g3hqkzzzbcgy6uonvv4zfu,2022-10-23T02:10:26Z,"","Commission/BMG",0.694,0.664,2,-4.649,1,0.05,0.639,0,0.0929,0.676,95.941,4
spotify:track:70b5Sq3ePOu3Gqg0hjlOtR,"For the First Time in Forever - From ""Frozen""/Soundtrack Version","Frozen (Original Motion Picture Soundtrack / Deluxe Edition)","Kristen Bell;Idina Menzel",2013-01-01,225080,73,false,31obk3g3hqkzzzbcgy6uonvv4zfu,2022-10-23T02:11:45Z,"musicals","Walt Disney Records",0.354,0.411,0,-6.018,1,0.0344,0.815,0,0.106,0.43,90.813,4
spotify:track:6JV2JOEocMgcZxYSZelKcc,"CAN'T STOP THE FEELING! (from DreamWorks Animation's ""TROLLS"")","CAN'T STOP THE FEELING! (from DreamWorks Animation's ""TROLLS"")","Justin Timberlake",2016-05-06,236001,82,false,31obk3g3hqkzzzbcgy6uonvv4zfu,2022-10-23T02:02:36Z,"","Villa 40/RCA Records",0.666,0.83,0,-5.715,1,0.0751,0.0123,0,0.191,0.702,113.03,4
spotify:track:37f4ITSlgPX81ad2EvmVQr,"Fight Song","Wildfire","Rachel Platten",2016-01-01,204013,77,false,31obk3g3hqkzzzbcgy6uonvv4zfu,2022-10-23T02:13:48Z,"","Columbia",0.564,0.714,7,-4.987,1,0.129,0.0549,0,0.155,0.33,175.924,4
spotify:track:2ofRXmQClu8tm1lGIPkEym,"Hands in the Fire","Hands in the Fire","James Carter;Nevve",2018-08-31,176842,36,true,31obk3g3hqkzzzbcgy6uonvv4zfu,2022-10-23T02:14:15Z,"future bass,melodic bass,edm","We Are Diamond",0.732,0.821,6,-4.821,0,0.0489,0.0317,0.00036,0.414,0.306,94.997,4
spotify:track:04aAxqtGp5pv12UXAg4pkq,"Centuries","American Beauty/American Psycho","Fall Out Boy",2015-01-16,228360,86,false,31obk3g3hqkzzzbcgy6uonvv4zfu,2022-10-23T02:02:55Z,"emo,pop punk","Island Records",0.393,0.858,4,-2.868,0,0.0729,0.00359,0,0.102,0.56,176.042,4
spotify:track:2EBCVPNAG46nbgs6jXPGvv,"Starships","Pink Friday: Roman Reloaded The Re-Up (Explicit Version)","Nicki Minaj",2012-01-01,210626,83,true,31obk3g3hqkzzzbcgy6uonvv4zfu,2022-10-23T02:21:20Z,"","Nicki Minaj/Cash Money",0.747,0.716,11,-2.457,0,0.0751,0.135,0,0.251,0.751,125.006,4
spotify:track:2rtSjGAgCkHL5mKboZMVgD,"Free Loop","Daniel Powter","Daniel Powter",2005-02-22,232893,62,false,31obk3g3hqkzzzbcgy6uonvv4zfu,2022-10-23T02:14:22Z,"","Warner Records",0.6,0.657,0,-10.693,1,0.0336,0.503,0.00013,0.0816,0.678,75.331,4
spotify:track:3RiPr603aXAoi4GHyXx0uy,"Hymn for the Weekend","A Head Full of Dreams","Coldplay",2015-12-04,258266,87,false,31obk3g3hqkzzzbcgy6uonvv4zfu,2022-10-23T02:14:57Z,"","Parlophone UK",0.491,0.693,0,-6.487,0,0.0377,0.211,0.00000692,0.325,0.412,90.027,4
spotify:track:05Kms0excTlHRel656GZ3U,"Monsters","Monsters","Katie Sky",2014-05-11,217840,62,false,31obk3g3hqkzzzbcgy6uonvv4zfu,2022-10-23T02:16:51Z,"","Lab Records Ltd",0.501,0.67,1,-5.847,1,0.0696,0.26,0,0.0774,0.614,175.895,4
spotify:track:4iJyoBOLtHqaGxP12qzhQI,"Peaches (feat. Daniel Caesar & Giveon)","Justice","Justin Bieber;Daniel Caesar;GIVĒON",2021-03-19,198081,85,true,31obk3g3hqkzzzbcgy6uonvv4zfu,2022-10-23T02:18:16Z,"r&b","RBMG/Def Jam",0.677,0.696,0,-6.181,1,0.119,0.321,0,0.42,0.464,90.03,4
spotify:track:4OSBTYWVwsQhGLF9NHvIbR,"Rolling in the Deep","21","Adele",2011-01-24,228093,83,false,31obk3g3hqkzzzbcgy6uonvv4zfu,2022-10-23T02:18:49Z,"soft pop","XL Recordings",0.73,0.769,8,-5.114,1,0.0298,0.138,0,0.0473,0.507,104.948,4
spotify:track:3Dv1eDb0MEgF93GpLXlucZ,"Say So","Hot Pink","Doja Cat",2019-11-07,237894,84,true,31obk3g3hqkzzzbcgy6uonvv4zfu,2022-10-23T02:19:21Z,"","Kemosabe Records/RCA Records",0.787,0.673,11,-4.583,0,0.159,0.264,0.00000335,0.0904,0.779,110.962,4
spotify:track:6SRWhUJcD2YKahCwHavz3X,"Darkside","Different World","Alan Walker;Au/Ra;Tomine Harket",2018-12-14,211680,77,false,31obk3g3hqkzzzbcgy6uonvv4zfu,2022-10-23T02:06:27Z,"","Kreatell Music",0.43,0.606,4,-5.115,0,0.0431,0.131,0,0.173,0.123,169.988,4
spotify:track:6UqRGwjwYL0stXbaodTxwo,"Seve - Radio Edit","Seve (Radio Edit)","Tez Cadey",2015-01-26,210853,69,false,31obk3g3hqkzzzbcgy6uonvv4zfu,2022-10-23T02:20:02Z,"tropical house","Maquisards",0.74,0.831,5,-7.321,1,0.0456,0.444,0.00304,0.0769,0.448,121.034,4
spotify:track:27SdWb2rFzO6GWiYDBTD9j,"Cheap Thrills","This Is Acting","Sia",2016-01-29,211666,83,false,31obk3g3hqkzzzbcgy6uonvv4zfu,2022-10-23T02:03:31Z,"","Monkey Puzzle Records/RCA Records",0.628,0.698,6,-5.608,0,0.105,0.0472,0.00143,0.0907,0.732,89.976,4
spotify:track:0QVZ4IgeGiLClZDYcXgzC5,"Spring In My Step","Spring In My Step","Silent Partner",2022-02-18,118685,52,false,31obk3g3hqkzzzbcgy6uonvv4zfu,2022-10-23T02:21:34Z,"","1522573 Records DK2",0.721,0.626,11,-6.572,0,0.0296,0.16,0.000148,0.327,0.693,106.045,4
spotify:track:58NyDMjXSBQ9CG3lcvbLKi,"Trouble I'm In","Trouble I'm In","Twinbed",2014-05-07,202500,46,false,31obk3g3hqkzzzbcgy6uonvv4zfu,2022-10-23T02:24:12Z,"","Twinbed",0.582,0.323,9,-10.688,0,0.0362,0.634,0.027,0.0892,0.0925,127.959,4
spotify:track:1dytORtqcfaRkTqPyH2iQy,"Send It (feat. Rich Homie Quan)","Send It (feat. Rich Homie Quan)","Austin Mahone;Rich Homie Quan",2016-08-19,181003,0,false,31obk3g3hqkzzzbcgy6uonvv4zfu,2022-10-23T02:19:41Z,"southern hip hop","BMG Rights Management (US) LLC",0.737,0.585,5,-6.252,1,0.0975,0.186,0,0.115,0.693,147.064,4
spotify:track:49FYlytm3dAAraYgpoJZux,"Umbrella","Good Girl Gone Bad: Reloaded","Rihanna;JAŸ-Z",2008-06-02,275986,89,false,31obk3g3hqkzzzbcgy6uonvv4zfu,2022-10-23T02:24:42Z,"hip hop,east coast hip hop,rap","Def Jam Recordings",0.585,0.828,1,-4.603,1,0.124,0.00906,0,0.0426,0.584,174.034,4
spotify:track:0Dkibk70FDp6t7eOZNemNQ,"Una Mattina","Una Mattina","Ludovico Einaudi",2004-01-01,203800,73,false,31obk3g3hqkzzzbcgy6uonvv4zfu,2022-10-23T02:25:53Z,"neoclassical,classical,contemporary classical","Decca (UMO)",0.231,0.0297,2,-31.544,1,0.0579,0.991,0.878,0.0742,0.07,131.413,4
spotify:track:2P4OICZRVAQcYAV2JReRfj,"Waiting For Love","Stories","Avicii",2015-10-02,230613,86,false,31obk3g3hqkzzzbcgy6uonvv4zfu,2022-10-23T02:26:29Z,"edm","Pophouse Entertainment Group",0.579,0.736,6,-3.863,0,0.0527,0.31,0,0.198,0.613,127.999,4
spotify:track:1WzAeadSKJhqykZFbJNmQv,"Your Man","Your Man","Josh Turner",2006,211893,79,false,31obk3g3hqkzzzbcgy6uonvv4zfu,2022-10-23T02:27:52Z,"country,country Christian","MCA Nashville",0.743,0.636,6,-4.483,1,0.0241,0.333,0.000216,0.0696,0.784,100.511,4
spotify:track:1iQDltZqI7BXnHrFy4Qo1k,"Trampoline (with ZAYN)","Trampoline (with ZAYN)","SHAED;ZAYN",2019-09-26,184280,4,false,31obk3g3hqkzzzbcgy6uonvv4zfu,2022-10-23T02:23:57Z,"","Photo Finish Records",0.619,0.459,7,-5.782,0,0.0334,0.56,0,0.137,0.498,126.803,4
spotify:track:4zOZb2HMmV81WVG3wrmrLZ,"Girls Like You","Red Pill Blues (Deluxe)","Maroon 5",2017-11-03,215229,61,true,31obk3g3hqkzzzbcgy6uonvv4zfu,2022-10-23T08:51:49Z,"pop","Interscope Records*",0.604,0.462,0,-7.053,1,0.0614,0.558,0.00000105,0.131,0.378,60.26,4
spotify:track:6Vh03bkEfXqekWp7Y1UBRb,"Live While We're Young","Take Me Home (Expanded Edition)","One Direction",2012-11-12,200213,76,false,31obk3g3hqkzzzbcgy6uonvv4zfu,2022-10-23T08:53:30Z,"","Syco Music",0.663,0.857,2,-2.16,1,0.0544,0.0542,0,0.144,0.931,126.039,4
spotify:track:1jEBSDN5vYViJQr78W7jr2,"Light Switch","CHARLIE","Charlie Puth",2022-10-06,187703,76,false,31obk3g3hqkzzzbcgy6uonvv4zfu,2022-10-23T08:55:09Z,"soft pop","Atlantic Records",0.689,0.627,6,-5.692,1,0.308,0.105,0.000321,0.0905,0.905,184.008,4
spotify:track:6ex1Pz3pntgy4NPtxHXN2V,"Bad Habits","= (Tour Edition)","Ed Sheeran",2020,230746,65,false,31obk3g3hqkzzzbcgy6uonvv4zfu,2022-10-23T08:56:04Z,"soft pop","Atlantic Records UK",0.807,0.893,11,-3.745,0,0.0347,0.0451,0.0000279,0.366,0.537,126.011,4
spotify:track:2m6Ko3CY1qXNNja8AlugNc,"Angel Baby","Angel Baby","Troye Sivan",2021-09-09,220779,74,false,31obk3g3hqkzzzbcgy6uonvv4zfu,2022-10-23T08:56:18Z,"","EMI Recorded Music Australia Pty Ltd",0.559,0.559,11,-6.425,1,0.0358,0.0145,0,0.138,0.338,72.498,4
spotify:track:6VrLYoQKdhu1Jruei06t65,"Somebody To You","Meet The Vamps","The Vamps",2014-01-01,185097,74,false,31obk3g3hqkzzzbcgy6uonvv4zfu,2022-10-23T08:58:29Z,"","EMI",0.525,0.818,3,-5.952,1,0.0358,0.0581,0,0.333,0.897,171.962,4
spotify:track:7xoUc6faLbCqZO6fQEYprd,"One Last Time","My Everything (Deluxe)","Ariana Grande",2014-08-22,197266,89,false,31obk3g3hqkzzzbcgy6uonvv4zfu,2022-10-23T09:00:09Z,"pop","Universal Records",0.628,0.593,8,-5.036,1,0.0323,0.093,0.00000165,0.096,0.104,125.025,4
spotify:track:0NpZenGEA81m99MX1Q677C,"What Do You Mean?","Purpose (Deluxe)","Justin Bieber",2015-11-13,205680,69,false,31obk3g3hqkzzzbcgy6uonvv4zfu,2022-10-23T09:05:35Z,"","RBMG/Def Jam",0.845,0.567,5,-8.118,0,0.0956,0.59,0.00142,0.0811,0.793,125.02,4
spotify:track:0QHEIqNKsMoOY5urbzN48u,"Made You Look","Takin' It Back","Meghan Trainor",2022-10-21,134256,76,false,31obk3g3hqkzzzbcgy6uonvv4zfu,2022-12-11T05:04:13Z,"","Epic",0.834,0.522,10,-3.574,1,0.0703,0.34,0.00000159,0.0783,0.854,145.035,4
spotify:track:3ZFTkvIE7kyPt6Nu3PEa7V,"Hips Don't Lie (feat. Wyclef Jean)","Oral Fixation, Vol. 2 (Expanded Edition)","Shakira;Wyclef Jean",2005-11-28,218093,20,false,31obk3g3hqkzzzbcgy6uonvv4zfu,2022-10-23T09:05:44Z,"latin pop","Epic",0.778,0.824,10,-5.892,0,0.0707,0.284,0,0.405,0.758,100.024,4
spotify:track:2hHLbkatPwOOmrNxTiD41L,"I Really Like You","Emotion (Deluxe Expanded Edition)","Carly Rae Jepsen",2015-08-21,204763,7,false,31obk3g3hqkzzzbcgy6uonvv4zfu,2022-10-23T09:06:01Z,"","Silent Records IGA",0.62,0.805,5,-5.538,1,0.0417,0.00564,0.0000915,0.285,0.586,122.062,4
spotify:track:1utDFK1ARQcuZSwapf3cfb,"The Feels","The Feels","TWICE",2021-10-01,198053,66,false,31obk3g3hqkzzzbcgy6uonvv4zfu,2022-10-23T09:08:07Z,"k-pop","Republic Records - TWICE",0.808,0.903,9,-2.179,1,0.0729,0.0899,0,0.0816,0.922,120.044,4
spotify:track:0HPD5WQqrq7wPWR7P7Dw1i,"TiK ToK","Animal (Expanded Edition)","Kesha",2010-01-01,199693,89,false,31obk3g3hqkzzzbcgy6uonvv4zfu,2022-12-20T04:40:45Z,"","RCA Records Label",0.755,0.837,2,-2.718,0,0.142,0.0991,0,0.289,0.714,120.028,4
spotify:track:02shCNmb6IvgB5jLqKjtkK,"Nevada","Nevada","Vicetone;Cozi Zuehlsdorff",2016-06-24,208561,79,false,31obk3g3hqkzzzbcgy6uonvv4zfu,2023-08-23T10:05:25Z,"edm","Monstercat",0.605,0.783,3,-4.271,1,0.0324,0.299,0.000175,0.133,0.105,124.015,4
spotify:track:7oEFDtEebqQH4yMfSA1MOM,"TOKYO HEAT (Tokyo Drift)","TOKYO HEAT (Tokyo Drift)","C.H.A.Y.",2022-04-29,160629,57,false,31obk3g3hqkzzzbcgy6uonvv4zfu,2023-08-23T10:06:46Z,"drift phonk","CHAYsounds",0.753,0.635,6,-5.968,1,0.0472,0.0073,0.0104,0.0773,0.802,126.975,4
spotify:track:3eR23VReFzcdmS7TYCrhCe,"It Ain't Me (with Selena Gomez)","It Ain't Me (with Selena Gomez)","Kygo;Selena Gomez",2017-02-16,220780,83,false,31obk3g3hqkzzzbcgy6uonvv4zfu,2023-08-23T10:07:38Z,"tropical house","Kygo",0.64,0.533,0,-6.596,1,0.0706,0.119,0,0.0864,0.515,99.968,4
spotify:track:0nrRP2bk19rLc0orkWPQk2,"Wake Me Up","True","Avicii",2013-09-16,247426,90,false,31obk3g3hqkzzzbcgy6uonvv4zfu,2023-08-23T10:08:31Z,"edm","Pophouse Entertainment Group",0.532,0.783,2,-5.697,1,0.0523,0.0038,0.0012,0.161,0.643,124.08,4
spotify:track:0tgVpDi06FyKpA1z0VMD4v,"Perfect","÷ (Deluxe)","Ed Sheeran",2017-03-03,263400,91,false,31obk3g3hqkzzzbcgy6uonvv4zfu,2023-08-24T09:01:17Z,"soft pop","Atlantic Records UK",0.599,0.448,8,-6.312,1,0.0232,0.163,0,0.106,0.168,95.05,3
spotify:track:39LLxExYz6ewLAcYrzQQyP,"Levitating","Future Nostalgia","Dua Lipa",2020-03-27,203807,85,false,31obk3g3hqkzzzbcgy6uonvv4zfu,2022-10-23T08:51:18Z,"pop","Warner Records",0.695,0.884,6,-2.278,0,0.0753,0.0561,0,0.213,0.914,103.014,4
spotify:track:3p7XQpdt8Dr6oMXSvRZ9bg,"Eyes Closed","- (Deluxe)","Ed Sheeran",2023-05-05,194848,77,false,31obk3g3hqkzzzbcgy6uonvv4zfu,2023-08-24T09:04:02Z,"soft pop","Atlantic Records UK",0.777,0.526,2,-6.221,1,0.0645,0.302,0,0.105,0.389,107.071,4
spotify:track:6I3mqTwhRpn34SLVafSH7G,"Ghost","Justice","Justin Bieber",2021-03-19,153190,87,false,31obk3g3hqkzzzbcgy6uonvv4zfu,2023-08-24T09:07:58Z,"","RBMG/Def Jam",0.601,0.741,2,-5.569,1,0.0478,0.185,0.0000291,0.415,0.441,153.96,4
spotify:track:1mea3bSkSGXuIRvnydlB5b,"Viva La Vida","Viva La Vida or Death and All His Friends","Coldplay",2008-06-06,242373,91,false,31obk3g3hqkzzzbcgy6uonvv4zfu,2023-08-24T09:11:05Z,"","Parlophone UK",0.486,0.617,5,-7.115,0,0.0287,0.0954,0.00000323,0.109,0.417,138.015,4
spotify:track:6RUKPb4LETWmmr3iAEQktW,"Something Just Like This","Memories...Do Not Open","The Chainsmokers;Coldplay",2017-04-07,247160,90,false,31obk3g3hqkzzzbcgy6uonvv4zfu,2023-08-24T09:11:08Z,"","Disruptor Records/Columbia",0.617,0.635,11,-6.769,0,0.0317,0.0498,0.0000144,0.164,0.446,103.019,4
spotify:track:50nfwKoDiSYg8zOCREWAm5,"Shivers","=","Ed Sheeran",2021-10-25,207853,86,false,31obk3g3hqkzzzbcgy6uonvv4zfu,2023-08-24T09:02:43Z,"soft pop","Atlantic Records UK",0.788,0.859,2,-2.724,1,0.0856,0.281,0,0.0424,0.822,141.02,4
spotify:track:1EJDig2sMc8xrRILYDniMJ,"That’s Not How This Works - Sabrina’s Version","Baby Don't Hurt Me - Pop Now","Charlie Puth;Dan + Shay;Sabrina Carpenter",2023-06-26,166640,0,false,31obk3g3hqkzzzbcgy6uonvv4zfu,2023-06-26T16:18:07Z,"soft pop,country,pop","Warner Music Group - X5 Music Group",0.56,0.597,9,-3.929,1,0.0471,0.54,0,0.0945,0.534,170.041,4
spotify:track:4Dvkj6JhhA12EX05fT7y2e,"As It Was","Harry's House","Harry Styles",2022-05-20,167303,94,false,31obk3g3hqkzzzbcgy6uonvv4zfu,2023-08-24T09:11:53Z,"","Columbia",0.52,0.731,6,-5.338,0,0.0557,0.342,0.00101,0.311,0.662,173.93,4
spotify:track:3FeVmId7tL5YN8B7R3imoM,"My Universe","My Universe","Coldplay;BTS",2021-09-24,228000,76,false,31obk3g3hqkzzzbcgy6uonvv4zfu,2023-08-24T09:12:33Z,"k-pop","Parlophone UK",0.588,0.701,9,-6.39,1,0.0402,0.00813,0,0.2,0.443,104.988,4
spotify:track:1ZMiCix7XSAbfAJlEZWMCp,"Falling","Fine Line","Harry Styles",2019-12-13,240139,80,false,31obk3g3hqkzzzbcgy6uonvv4zfu,2023-08-24T09:13:41Z,"","Columbia",0.567,0.267,4,-6.502,1,0.0299,0.839,0.00000146,0.089,0.0592,110.011,4
spotify:track:1mXVgsBdtIVeCLJnSnmtdV,"Too Good At Goodbyes","The Thrill Of It All (Special Edition)","Sam Smith",2017-11-03,201000,84,false,31obk3g3hqkzzzbcgy6uonvv4zfu,2023-08-24T09:14:33Z,"soft pop","PLG - Capitol",0.715,0.372,5,-8.237,1,0.0443,0.638,0,0.169,0.474,91.931,4
spotify:track:3w3y8KPTfNeOKPiqUTakBh,"Locked out of Heaven","Unorthodox Jukebox","Bruno Mars",2012-12-07,233478,94,false,31obk3g3hqkzzzbcgy6uonvv4zfu,2023-08-24T09:16:00Z,"","Atlantic Records",0.726,0.698,5,-4.165,1,0.0431,0.049,0,0.309,0.867,143.994,4
spotify:track:5Nm9ERjJZ5oyfXZTECKmRt,"Stay With Me","In The Lonely Hour","Sam Smith",2014-05-26,172723,84,false,31obk3g3hqkzzzbcgy6uonvv4zfu,2023-08-24T09:16:25Z,"soft pop","PLG - Capitol",0.413,0.42,0,-6.444,1,0.0416,0.588,0.0000639,0.11,0.185,84.126,4
spotify:track:7BqBn9nzAq8spo5e7cZ0dJ,"Just the Way You Are","Doo-Wops & Hooligans","Bruno Mars",2010-05-11,220734,90,false,31obk3g3hqkzzzbcgy6uonvv4zfu,2023-08-24T09:18:01Z,"","Atlantic Records",0.635,0.841,5,-5.379,1,0.0422,0.0134,0,0.0622,0.424,109.021,4
spotify:track:0NZPBYD5qbEWRs3PrGiRkT,"Unholy (feat. Kim Petras)","Gloria","Sam Smith;Kim Petras",2023-01-27,156943,77,false,31obk3g3hqkzzzbcgy6uonvv4zfu,2023-08-24T09:14:42Z,"soft pop","Capitol Records UK / EMI",0.719,0.454,2,-7.384,1,0.0707,0.0138,0.00000483,0.318,0.224,131.007,4
spotify:track:4h9wh7iOZ0GGn8QVp4RAOB,"I Ain't Worried","I Ain’t Worried (Music From The Motion Picture ""Top Gun: Maverick"")","OneRepublic",2022-05-13,148485,84,false,31obk3g3hqkzzzbcgy6uonvv4zfu,2023-08-24T09:18:36Z,"","Interscope Records",0.704,0.797,0,-5.927,1,0.0475,0.0826,0.000745,0.0546,0.825,139.994,4
spotify:track:3Iba59sFmGhQ4kbCY5L8AX,"Little Bit of Love","Evering Road (Deluxe)","Tom Grennan",2021-03-12,226268,67,false,31obk3g3hqkzzzbcgy6uonvv4zfu,2023-08-24T09:21:23Z,"","Insanity Records",0.689,0.706,1,-4.48,0,0.0312,0.0833,0,0.105,0.623,106.52,4
spotify:track:7JJmb5XwzOO8jgpou264Ml,"There's Nothing Holdin' Me Back","Illuminate (Deluxe)","Shawn Mendes",2017-04-20,199440,92,false,31obk3g3hqkzzzbcgy6uonvv4zfu,2023-08-24T09:23:06Z,"","Island Records",0.866,0.811,11,-4.063,0,0.0553,0.375,0,0.078,0.969,121.995,4
spotify:track:6v3KW9xbzN5yKLt9YKDYA2,"Señorita","Shawn Mendes (Deluxe)","Shawn Mendes;Camila Cabello",2019-06-19,190799,85,false,31obk3g3hqkzzzbcgy6uonvv4zfu,2023-08-24T09:23:14Z,"","Island Records",0.759,0.548,9,-6.049,0,0.0289,0.0379,0,0.0828,0.75,116.963,4
spotify:track:2gMXnyrvIjhVBUZwvLZDMP,"Before You Go","Divinely Uninspired To A Hellish Extent (Extended Edition)","Lewis Capaldi",2019-11-22,215106,85,false,31obk3g3hqkzzzbcgy6uonvv4zfu,2023-08-24T09:20:35Z,"soft pop","Vertigo Berlin",0.459,0.574,3,-4.857,1,0.0577,0.608,0,0.0885,0.183,111.881,4
spotify:track:4HlFJV71xXKIGcU3kRyttv,"Hey, Soul Sister","Save Me, San Francisco (Golden Gate Edition)","Train",2010-12-01,216773,88,false,31obk3g3hqkzzzbcgy6uonvv4zfu,2023-08-24T09:25:38Z,"soft pop","Columbia",0.673,0.886,1,-4.44,0,0.0431,0.185,0,0.0826,0.795,97.012,4
spotify:track:3KkXRkHbMCARz0aVfEt68P,"Sunflower - Spider-Man: Into the Spider-Verse","Spider-Man: Into the Spider-Verse (Soundtrack From & Inspired by the Motion Picture)","Post Malone;Swae Lee",2018-12-14,158040,89,false,31obk3g3hqkzzzbcgy6uonvv4zfu,2023-08-26T01:58:33Z,"","Universal Records",0.76,0.478,2,-5.574,1,0.0467,0.552,0,0.0703,0.913,89.908,4
spotify:track:4pryE6cN2gFL1FVF5fYINl,"Leave The Door Open","An Evening With Silk Sonic","Bruno Mars;Anderson .Paak;Silk Sonic",2021-11-12,242096,74,false,31obk3g3hqkzzzbcgy6uonvv4zfu,2023-09-01T04:50:50Z,"","Aftermath Entertainment/Atlantic",0.586,0.616,5,-7.964,1,0.0324,0.182,0,0.0927,0.719,148.088,4
spotify:track:2Jj8bM4mOUOCBpghjx4vAR,"Let Me Love You","Love & Lies","Reynard Silva",2010-11-23,224080,39,false,31obk3g3hqkzzzbcgy6uonvv4zfu,2023-09-01T04:52:30Z,"","37 Entertainment",0.592,0.678,11,-7.246,1,0.0335,0.0175,0.00000511,0.263,0.656,145.961,4
spotify:track:2LBqCSwhJGcFQeTHMVGwy3,"Die For You","Starboy","The Weeknd",2016-11-24,260253,89,false,31obk3g3hqkzzzbcgy6uonvv4zfu,2023-09-01T04:53:47Z,"","The Weeknd/Lyric",0.586,0.525,1,-7.163,0,0.0615,0.111,0,0.134,0.508,133.629,4
spotify:track:0KwNm0qBvOctcoLGO3czV3,"I Believe I Can Fly","Songs For My Mother","Ronan Keating",2009-01-01,284026,50,false,31obk3g3hqkzzzbcgy6uonvv4zfu,2023-09-01T04:54:49Z,"","Polydor Records",0.642,0.526,6,-6.397,1,0.0294,0.317,0.0000011,0.157,0.21,120.236,4
spotify:track:0rBYjvCRYvfkrU44p98Gne,"Shadow of the Sun","Shadow Of The Sun","Max Elto",2013-12-10,145780,51,false,31obk3g3hqkzzzbcgy6uonvv4zfu,2023-09-01T04:55:40Z,"","Big Beat Records/Atlantic",0.583,0.159,2,-10.469,1,0.0394,0.932,0.000273,0.0969,0.354,126.174,4
spotify:track:2Xtsv7BUMrNodQWH2JPOc0,"Caravan","Whiplash (Original Motion Picture Soundtrack)","John Wasson",2014-10-07,555000,62,false,31obk3g3hqkzzzbcgy6uonvv4zfu,2023-09-01T04:56:10Z,"jazz,big band","Music.Film",0.425,0.783,8,-9.077,1,0.0808,0.00631,0.852,0.0745,0.422,106.281,3
spotify:track:5VGBgPVFO3e0lWz4WHYntQ,"All For Love","All For Love","Tungevaag;Raaban;Richard Smitt",2018-03-23,180484,58,false,31obk3g3hqkzzzbcgy6uonvv4zfu,2023-09-01T04:56:47Z,"big room","WM Sweden",0.689,0.901,7,-1.431,1,0.0678,0.145,0.0000103,0.459,0.651,125.115,4
spotify:track:4cOdK2wGLETKBW3PvgPWqT,"Never Gonna Give You Up","Whenever You Need Somebody","Rick Astley",1987-11-12,213573,8,false,31obk3g3hqkzzzbcgy6uonvv4zfu,2023-09-01T04:57:22Z,"","BMG Rights Management (UK) Ltd",0.721,0.939,8,-11.823,1,0.0376,0.115,0.0000379,0.108,0.914,113.309,4
spotify:track:5yD46UdRa0SUMiDxOSjIr2,"This Far - RudeLies Remix","This Far (Remixes)","Raven & Kreyn;Nino Lucarelli;RudeLies",2020-03-06,157619,43,false,31obk3g3hqkzzzbcgy6uonvv4zfu,2023-09-01T04:57:47Z,"future house,bass house,big room,hardstyle,progressive house","Future House Music",0.67,0.889,11,-3.668,0,0.0679,0.0894,0.00177,0.329,0.646,125.951,4
spotify:track:1q9bLSeIlGf2xBvbOkp2Wr,"Holy Grail","Magna Carta... Holy Grail","JAŸ-Z;Justin Timberlake",2013-07-04,338413,69,true,31obk3g3hqkzzzbcgy6uonvv4zfu,2023-09-01T05:00:10Z,"hip hop,east coast hip hop,rap","Roc Nation / Jay-Z",0.676,0.534,2,-6.901,0,0.0831,0.0594,0.00000859,0.256,0.156,145.082,4
spotify:track:1PP1jeZjTFofQgojfFW3HA,"Hey Mamma","Hey Mamma","Sunstroke Project",2017-10-29,179625,0,false,31obk3g3hqkzzzbcgy6uonvv4zfu,2023-09-01T05:00:39Z,"","Sunstroke Project",0.833,0.806,10,-5.946,0,0.113,0.231,0.00983,0.0681,0.64,110.098,4
spotify:track:54OyMf9WrMvrkAlZ3t0AMs,"Slow Down","Slow Down","Madnap;Pauline Herr",2019-04-05,203265,0,false,31obk3g3hqkzzzbcgy6uonvv4zfu,2023-09-01T05:00:59Z,"future bass,melodic bass","Thrive Music, LLC",0.745,0.785,11,-3.955,1,0.0479,0.584,0.0756,0.1,0.105,97.975,4
spotify:track:63xvTDxy0PGdEZXA9sSDiJ,"Empty Love","Empty Love (feat. Kid Princess)","Lulleaux;Kid Princess",2020-04-30,170314,55,false,31obk3g3hqkzzzbcgy6uonvv4zfu,2023-09-01T05:01:42Z,"tropical house","Be Yourself Music",0.76,0.743,2,-5.007,0,0.0432,0.0792,0.000312,0.349,0.57,99.979,4
spotify:track:460WMeltK2dxce4qhcaCF7,"Normal No More","Normal No More","TYSM",2020-04-17,199578,1,true,31obk3g3hqkzzzbcgy6uonvv4zfu,2023-09-01T05:02:18Z,"","EFFESS",0.773,0.533,7,-8.536,1,0.0481,0.545,0.000974,0.11,0.185,95.029,4
spotify:track:7kEva2rxsNMn07fyfZMRRn,"Cure For Me","Cure For Me","AURORA",2021-07-07,201640,64,false,31obk3g3hqkzzzbcgy6uonvv4zfu,2023-09-01T05:02:32Z,"norwegian pop,art pop","Decca (UMO)",0.722,0.764,6,-5.86,0,0.0554,0.0933,0.0000182,0.088,0.416,115.917,4
spotify:track:6dgUya35uo964z7GZXM07g,"Nonsense","emails i can't send","Sabrina Carpenter",2022-07-15,163648,85,false,31obk3g3hqkzzzbcgy6uonvv4zfu,2023-09-01T05:03:07Z,"pop","Island Records",0.74,0.697,8,-4.912,1,0.034,0.0268,0,0.224,0.732,138.992,4
spotify:track:5rPNVwYjVEgkq6YNPki4Zc,"BABYDOLL","BABYDOLL","Ari Abdul",2022-02-22,196235,78,true,31obk3g3hqkzzzbcgy6uonvv4zfu,2023-09-01T05:03:30Z,"dark r&b","Not specified",0.485,0.585,11,-5.097,0,0.0359,0.0483,0.0113,0.489,0.51,84.941,4
spotify:track:61dCUoMCg28qEBzrW6htYM,"Rather Be (feat. Jess Glynne)","New Eyes","Clean Bandit;Jess Glynne",2014-05-09,227833,85,false,31obk3g3hqkzzzbcgy6uonvv4zfu,2023-09-01T05:04:49Z,"","Atlantic Records UK",0.799,0.586,11,-6.735,1,0.0377,0.162,0.00000203,0.193,0.549,120.97,4
spotify:track:1oIdcFtf58sZbS7QyZQJ2P,"Run Free","Run Free","Deep Chills;IVIE",2017-08-18,170562,65,false,31obk3g3hqkzzzbcgy6uonvv4zfu,2023-09-01T05:05:26Z,"tropical house,lounge,norwegian pop","Miami Beats",0.727,0.69,7,-4.559,1,0.0345,0.202,0.00000327,0.414,0.699,100.002,4
spotify:track:5UlnuulVAVmmesw4VzqHdG,"Enemy - From the series Arcane League of Legends","Enemy (from the series Arcane League of Legends)","Imagine Dragons;Arcane;League of Legends",2021-10-27,173381,74,false,31obk3g3hqkzzzbcgy6uonvv4zfu,2023-09-01T05:12:26Z,"score","KIDinaKORNER/Interscope Records",0.722,0.745,7,-4.164,1,0.256,0.247,0,0.419,0.52,77.029,4
spotify:track:4jPy3l0RUwlUI9T5XHBW2m,"Mood (feat. iann dior)","El Dorado","24kGoldn;iann dior",2021-03-26,140525,82,true,31obk3g3hqkzzzbcgy6uonvv4zfu,2023-09-01T05:13:11Z,"melodic rap","Records/Columbia",0.701,0.716,7,-3.671,0,0.0361,0.174,0,0.324,0.732,91.007,4
spotify:track:2Fxmhks0bxGSBdJ92vM42m,"bad guy","WHEN WE ALL FALL ASLEEP, WHERE DO WE GO?","Billie Eilish",2019-03-29,194087,84,false,31obk3g3hqkzzzbcgy6uonvv4zfu,2023-09-01T05:13:21Z,"","Darkroom/Interscope Records",0.701,0.425,7,-10.965,1,0.375,0.328,0.13,0.1,0.562,135.128,4
spotify:track:1rfofaqEpACxVEHIZBJe6W,"Havana (feat. Young Thug)","Camila","Camila Cabello;Young Thug",2018-01-12,217308,86,false,31obk3g3hqkzzzbcgy6uonvv4zfu,2023-09-01T05:13:47Z,"rap,melodic rap,trap","Syco Music/Epic",0.765,0.523,2,-4.333,1,0.03,0.184,0.0000356,0.132,0.394,104.988,4
spotify:track:45hOioMDJktr86iKDHC8gr,"Girlfriend","The Best Damn Thing (Expanded Edition)","Avril Lavigne",2007-04-17,216600,83,true,31obk3g3hqkzzzbcgy6uonvv4zfu,2023-09-01T05:14:47Z,"","RCA Records Label",0.56,0.959,7,-2.433,1,0.102,0.000722,0.000221,0.209,0.669,163.983,4
spotify:track:0vg4WnUWvze6pBOJDTq99k,"You're Beautiful","Back to Bedlam","James Blunt",2005-08-08,212960,80,true,31obk3g3hqkzzzbcgy6uonvv4zfu,2023-09-01T05:15:10Z,"","Custard/Atlantic",0.675,0.479,0,-9.87,0,0.0278,0.633,0.0000176,0.088,0.454,81.998,4
spotify:track:2nLtzopw4rPReszdYBJU6h,"Numb","Meteora","Linkin Park",2003-03-25,187520,92,false,31obk3g3hqkzzzbcgy6uonvv4zfu,2023-09-01T05:15:26Z,"nu metal,rap metal,rock,alternative metal","Warner Records",0.488,0.87,6,-4.185,0,0.0421,0.00353,0,0.484,0.211,110.072,4
spotify:track:60nZcImufyMA1MKQY3dcCH,"Happy - From ""Despicable Me 2""","G I R L","Pharrell Williams",2014-03-03,233306,86,false,31obk3g3hqkzzzbcgy6uonvv4zfu,2023-09-01T05:15:41Z,"","Columbia",0.647,0.822,5,-4.662,0,0.183,0.219,0,0.0908,0.962,160.019,4
spotify:track:20I6sIOMTCkB6w7ryavxtO,"Call Me Maybe","Kiss","Carly Rae Jepsen",2012-01-01,193400,87,false,31obk3g3hqkzzzbcgy6uonvv4zfu,2023-09-01T05:15:47Z,"","Silent Records IGA",0.782,0.58,7,-6.548,1,0.0407,0.0114,0.00000228,0.108,0.66,120.021,4
spotify:track:5mg3VB3Qh7jcR5kAAC4DSV,"Cupid","The Beginning: Cupid","FIFTY FIFTY",2023-02-24,174253,2,false,31obk3g3hqkzzzbcgy6uonvv4zfu,2023-09-01T05:15:54Z,"k-pop","WM Korea",0.774,0.66,2,-8.2,1,0.0328,0.662,0,0.4,0.961,120.023,4
spotify:track:5rb9QrpfcKFHM1EUbSIurX,"Yeah! (feat. Lil Jon & Ludacris)","Confessions (Expanded Edition)","USHER;Lil Jon;Ludacris",2004-03-23,250373,89,false,31obk3g3hqkzzzbcgy6uonvv4zfu,2023-09-01T05:16:54Z,"r&b,crunk,southern hip hop","LaFace Records",0.894,0.791,2,-4.699,1,0.112,0.0183,0,0.0388,0.583,105.018,4
spotify:track:32OlwWuMpZ6b0aN2RZOeMS,"Uptown Funk (feat. Bruno Mars)","Uptown Special","Mark Ronson;Bruno Mars",2015-01-12,269658,90,false,31obk3g3hqkzzzbcgy6uonvv4zfu,2023-09-01T05:17:05Z,"","Columbia",0.856,0.609,0,-7.223,1,0.0824,0.00801,0.0000815,0.0344,0.928,114.988,4
spotify:track:285HeuLxsngjFn4GGegGNm,"Hey Mama (feat. Nicki Minaj, Bebe Rexha & Afrojack)","Listen","David Guetta;AFROJACK;Bebe Rexha;Nicki Minaj",2014-11-10,192560,78,false,31obk3g3hqkzzzbcgy6uonvv4zfu,2023-09-01T05:18:11Z,"edm,big room","Parlophone (France)",0.596,0.73,9,-4.091,1,0.151,0.24,0,0.325,0.525,85.979,4
spotify:track:3dYD57lRAUcMHufyqn9GcI,"Take Me To Church","Hozier","Hozier",2014-09-19,241688,86,false,31obk3g3hqkzzzbcgy6uonvv4zfu,2023-09-01T05:18:48Z,"","Universal-Island Records Ltd.",0.575,0.664,4,-5.303,0,0.0481,0.637,0,0.116,0.437,129.071,4
spotify:track:26rdOwwjC2UnweK3xeS58u,"GDFR (feat. Sage the Gemini & Lookas)","My House","Flo Rida;Sage The Gemini;Lookas",2015-04-07,190185,77,false,31obk3g3hqkzzzbcgy6uonvv4zfu,2023-09-01T05:18:58Z,"hyphy,edm trap,future bass,dubstep","Poe Boy/Atlantic",0.657,0.827,5,-4.036,1,0.0734,0.000704,0.00534,0.065,0.69,145.889,4
spotify:track:6RtPijgfPKROxEzTHNRiDp,"Rude","Don't Kill the Magic","MAGIC!",2014-06-25,224849,89,false,31obk3g3hqkzzzbcgy6uonvv4zfu,2023-09-01T05:19:24Z,"","Latium Records/RCA Records",0.773,0.758,1,-4.993,1,0.0381,0.0422,0,0.305,0.925,144.033,4
spotify:track:5jE48hhRu8E6zBDPRSkEq7,"All About That Bass","Title (Deluxe)","Meghan Trainor",2015-01-12,191488,72,true,31obk3g3hqkzzzbcgy6uonvv4zfu,2023-09-01T05:19:35Z,"","Epic",0.807,0.887,9,-3.726,1,0.0503,0.0573,0.00000287,0.124,0.961,134.052,4
spotify:track:7795WJLVKJoAyVoOtCWqXN,"I'm Not The Only One","In The Lonely Hour","Sam Smith",2014-05-26,239316,87,false,31obk3g3hqkzzzbcgy6uonvv4zfu,2023-09-01T05:19:52Z,"soft pop","PLG - Capitol",0.678,0.484,5,-5.795,1,0.0361,0.529,0.0000201,0.0766,0.493,82.004,4
spotify:track:3W3KtDwAIg3mAruSpnfG3Q,"Fancy","The New Classic (Deluxe Version)","Iggy Azalea;Charli xcx",2014-01-01,199938,73,true,31obk3g3hqkzzzbcgy6uonvv4zfu,2023-09-01T05:20:46Z,"hyperpop,art pop","EMI",0.912,0.716,10,-4.141,0,0.0698,0.0904,0,0.0491,0.377,94.981,4
spotify:track:7x9aauaA9cu6tyfpHnqDLo,"Seven (feat. Latto)","Seven (feat. Latto)","Jung Kook;Latto",2023-07-14,184400,77,true,31obk3g3hqkzzzbcgy6uonvv4zfu,2023-09-01T05:24:01Z,"k-pop","BIGHIT MUSIC",0.788,0.841,11,-3.955,1,0.0432,0.301,0,0.0772,0.904,124.986,4
spotify:track:2FY7b99s15jUprqC0M5NCT,"Natural","Origins (Deluxe)","Imagine Dragons",2018-11-09,189466,84,false,31obk3g3hqkzzzbcgy6uonvv4zfu,2023-09-01T05:28:34Z,"","Kid Ina Korner / Interscope",0.704,0.611,2,-6.112,1,0.041,0.217,0,0.0812,0.22,99.994,4
spotify:track:514rhnksEwHUh6LxXsQ4Y9,"Back To You","13 Reasons Why (Season 2)","Selena Gomez",2018-05-18,210240,68,false,31obk3g3hqkzzzbcgy6uonvv4zfu,2023-09-01T05:29:30Z,"","UMGRI Interscope",0.6,0.683,6,-6.271,1,0.049,0.097,0.00000135,0.11,0.489,102.036,4
spotify:track:7dt6x5M1jzdTEt8oCbisTK,"Better Now","beerbongs & bentleys","Post Malone",2018-04-27,231266,84,true,31obk3g3hqkzzzbcgy6uonvv4zfu,2023-09-01T05:30:05Z,"","Republic Records",0.674,0.578,10,-5.804,1,0.0408,0.331,0,0.135,0.34,145.07,4
spotify:track:1jF7IL57ayN4Ity3jQqGu0,"Try","The Truth About Love","P!nk",2012-09-18,247911,86,false,31obk3g3hqkzzzbcgy6uonvv4zfu,2023-09-01T05:46:00Z,"","RCA Records Label",0.674,0.628,2,-7.079,1,0.03,0.00144,0,0.0944,0.552,103.998,4
spotify:track:1zB4vmk8tFRmM9UULNzbLB,"Thunder","Evolve","Imagine Dragons",2017-06-23,187146,88,false,31obk3g3hqkzzzbcgy6uonvv4zfu,2023-09-01T05:36:25Z,"","Kid Ina Korner / Interscope",0.604,0.822,0,-4.833,1,0.0438,0.00672,0.134,0.147,0.288,167.997,4
spotify:track:1P17dC1amhFzptugyAO7Il,"Look What You Made Me Do","reputation","Taylor Swift",2017-11-10,211853,81,false,31obk3g3hqkzzzbcgy6uonvv4zfu,2023-09-01T05:36:01Z,"","Taylor Swift",0.766,0.709,9,-6.471,0,0.123,0.204,0.0000141,0.126,0.506,128.07,4
spotify:track:3e7sxremeOE3wTySiOhGiP,"Dusk Till Dawn (feat. Sia) - Radio Edit","Icarus Falls","ZAYN;Sia",2018-12-14,239000,84,false,31obk3g3hqkzzzbcgy6uonvv4zfu,2023-09-01T05:37:21Z,"","RCA Records Label",0.259,0.437,11,-6.589,0,0.0386,0.102,0.00000132,0.106,0.0951,180.042,4
spotify:track:72TFWvU3wUYdUuxejTTIzt,"Work","ANTI (Deluxe)","Rihanna;Drake",2016-01-28,219320,84,true,31obk3g3hqkzzzbcgy6uonvv4zfu,2023-09-01T05:44:19Z,"rap","Roc Nation / Rihanna",0.723,0.534,11,-6.238,1,0.0891,0.0747,0,0.0919,0.551,91.974,4
spotify:track:06KyNuuMOX1ROXRhj787tj,"We Don't Talk Anymore (feat. Selena Gomez)","Nine Track Mind","Charlie Puth;Selena Gomez",2016-01-29,217706,82,false,31obk3g3hqkzzzbcgy6uonvv4zfu,2023-09-01T05:44:46Z,"soft pop","Artist Partner",0.728,0.563,1,-8.053,0,0.134,0.621,0,0.179,0.352,100.017,4
spotify:track:1i1fxkWeaMmKEB4T7zqbzK,"Don't Let Me Down","Don't Let Me Down","The Chainsmokers;Daya",2016-02-05,208373,87,false,31obk3g3hqkzzzbcgy6uonvv4zfu,2023-09-01T05:45:00Z,"","Disruptor Records/Columbia",0.533,0.869,11,-5.093,1,0.173,0.156,0.00538,0.136,0.425,159.805,4
spotify:track:7K5dzhGda2vRTaAWYI3hrb,"Just Like Fire (From the Original Motion Picture ""Alice Through The Looking Glass"")","Just Like Fire (From the Original Motion Picture ""Alice Through The Looking Glass"")","P!nk",2016-04-15,215413,72,false,31obk3g3hqkzzzbcgy6uonvv4zfu,2023-09-01T05:45:32Z,"","RCA Records/Walt Disney Records",0.632,0.702,7,-5.92,1,0.148,0.0114,0,0.108,0.523,162.958,4
spotify:track:6i0V12jOa3mr6uu4WYhUBr,"Heathens","Heathens","Twenty One Pilots",2016-06-16,195920,87,false,31obk3g3hqkzzzbcgy6uonvv4zfu,2023-09-01T05:46:12Z,"","Atlantic Records",0.732,0.396,4,-9.348,0,0.0286,0.0841,0.0000358,0.105,0.548,90.024,4
spotify:track:7vRriwrloYVaoAe3a9wJHe,"i hate u, i love u (feat. olivia o'brien)","us","gnash;Olivia O'Brien",2016-03-25,251033,79,true,31obk3g3hqkzzzbcgy6uonvv4zfu,2023-09-01T05:47:01Z,"",":):",0.492,0.275,6,-13.4,0,0.3,0.687,0,0.101,0.18,92.6,4
spotify:track:1Yk0cQdMLx5RzzFTYwmuld,"Hello","25","Adele",2015-11-20,295502,78,false,31obk3g3hqkzzzbcgy6uonvv4zfu,2023-09-01T05:51:57Z,"soft pop","XL Recordings",0.578,0.43,5,-6.134,0,0.0305,0.33,0,0.0854,0.288,78.991,4
spotify:track:48RrDBpOSSl1aLVCalGl5C,"The Monster","The Marshall Mathers LP2","Eminem;Rihanna",2013-11-05,250188,86,true,31obk3g3hqkzzzbcgy6uonvv4zfu,2023-09-01T05:59:36Z,"rap,hip hop","Eminem Catalog PS",0.781,0.853,1,-3.68,0,0.0714,0.0526,0,0.12,0.626,110.046,4
spotify:track:0TvQLMecTE8utzoNmvXRbK,"Bad Blood","1989","Taylor Swift",2014-01-01,211933,77,false,31obk3g3hqkzzzbcgy6uonvv4zfu,2023-09-01T05:54:10Z,"","Taylor Swift",0.652,0.802,7,-6.114,1,0.181,0.0871,0.00000645,0.148,0.295,170.157,4
spotify:track:698ItKASDavgwZ3WjaWjtz,"Faded","Different World","Alan Walker",2018-12-14,212106,85,false,31obk3g3hqkzzzbcgy6uonvv4zfu,2023-09-01T05:55:32Z,"","Kreatell Music",0.468,0.627,6,-5.085,1,0.0476,0.0281,0.00000797,0.11,0.159,179.642,4
spotify:track:5jrdCoLpJSvHHorevXBATy,"Dark Horse","PRISM (Deluxe)","Katy Perry;Juicy J",2013-10-18,215672,79,false,31obk3g3hqkzzzbcgy6uonvv4zfu,2023-09-01T06:00:38Z,"pop,crunk","Capitol Records (CAP)",0.647,0.585,6,-6.123,1,0.0512,0.00314,0,0.165,0.353,131.934,4
spotify:track:6or1bKJiZ06IlK0vFvY75k,"Rap God","The Marshall Mathers LP2 (Deluxe)","Eminem",2013-11-05,363521,78,true,31obk3g3hqkzzzbcgy6uonvv4zfu,2023-09-01T05:59:27Z,"rap,hip hop","Eminem Catalog PS",0.709,0.843,7,-2.66,1,0.314,0.395,0,0.799,0.625,148.134,4
spotify:track:3lKZf71jeNi14udIFPJ29V,"I Knew You Were Trouble.","Red (Deluxe Edition)","Taylor Swift",2012-10-22,219720,67,false,31obk3g3hqkzzzbcgy6uonvv4zfu,2023-09-01T05:59:55Z,"","Taylor Swift",0.622,0.469,3,-6.798,0,0.0363,0.00454,0.00000225,0.0335,0.679,77.019,4
spotify:track:67awxiNHNyjMXhVgsHuIrs,"Turn Down for What","Turn Down for What","DJ Snake;Lil Jon",2013-12-18,213733,74,false,31obk3g3hqkzzzbcgy6uonvv4zfu,2023-09-01T06:01:09Z,"crunk","Columbia",0.818,0.799,1,-4.1,0,0.156,0.00107,0.128,0.057,0.0815,100.014,4
spotify:track:65YsalQBmQCzIPaay72CzQ,"Diamonds","Diamonds","Rihanna",2012-01-01,225200,66,false,31obk3g3hqkzzzbcgy6uonvv4zfu,2023-09-01T06:02:23Z,"","Def Jam Recordings",0.554,0.669,11,-6.041,0,0.0426,0.00108,0,0.138,0.405,91.993,4
spotify:track:7EQGXaVSyEDsCWKmUcfpLk,"Die Young","Warrior (Expanded Edition)","Kesha",2012-11-30,211920,85,false,31obk3g3hqkzzzbcgy6uonvv4zfu,2023-09-01T06:02:33Z,"","Kemosabe Records/RCA Records",0.711,0.7,1,-4.805,0,0.046,0.00498,0.000125,0.215,0.801,128.001,4
spotify:track:1kPpge9JDLpcj15qgrPbYX,"Good Time","The Midsummer Station","Owl City;Carly Rae Jepsen",2012-08-17,205933,81,false,31obk3g3hqkzzzbcgy6uonvv4zfu,2023-09-01T06:02:44Z,"","Universal Records",0.56,0.872,3,-4.269,1,0.14,0.0239,0.00000698,0.371,0.682,126.05,4
spotify:track:1glJZF62bpxXzaF2N5YWdb,"Wake (Studio)","We Are Young & Free","Hillsong Young & Free;TAYA",2013-10-01,254946,2,false,31obk3g3hqkzzzbcgy6uonvv4zfu,2023-09-01T06:04:06Z,"worship,christian,pop worship,christian edm,christian pop,gospel","Hillsong Music",0.531,0.673,4,-4.753,0,0.0325,0.000362,0,0.462,0.261,130.997,4
spotify:track:0U1W2LZVUX7qTm7dDpqxh6,"When You're Gone","When You're Gone","Shawn Mendes",2022-03-31,172266,70,false,31obk3g3hqkzzzbcgy6uonvv4zfu,2023-09-01T06:04:26Z,"","Shawn Mendes LP4-5 PS/ Island",0.603,0.691,5,-5.805,1,0.0372,0.0248,0,0.583,0.577,147.148,4
spotify:track:2WnAKZefdRHxtBEkRjFOHC,"Anyone","Justice","Justin Bieber",2021-03-19,190779,76,false,31obk3g3hqkzzzbcgy6uonvv4zfu,2023-09-01T06:04:31Z,"","RBMG/Def Jam",0.685,0.521,2,-8.285,1,0.0345,0.185,0.00000359,0.111,0.578,115.885,4
spotify:track:1JDIArrcepzWDTAWXdGYmP,"I Want You To Know","True Colors","Zedd;Selena Gomez",2015-05-15,240000,72,false,31obk3g3hqkzzzbcgy6uonvv4zfu,2023-09-01T06:04:52Z,"edm","Interscope",0.579,0.846,9,-2.876,0,0.0574,0.00537,0.00000688,0.145,0.367,129.999,4
spotify:track:3IPnBzGRMg6BfViFxxa0Gq,"Love Is an Open Door - From ""Frozen""/Soundtrack Version","Frozen (Original Motion Picture Soundtrack / Deluxe Edition)","Kristen Bell;Santino Fontana",2013-01-01,124733,73,false,31obk3g3hqkzzzbcgy6uonvv4zfu,2023-09-01T06:05:00Z,"","Walt Disney Records",0.737,0.636,6,-6.308,0,0.0737,0.262,0,0.319,0.537,100.033,4
spotify:track:5viFjDGTnrApmUY5c8qkfw,"A Whole New World","Aladdin (Original Motion Picture Soundtrack)","Mena Massoud;Naomi Scott",2019-05-22,175593,68,false,31obk3g3hqkzzzbcgy6uonvv4zfu,2023-09-01T06:05:17Z,"","Walt Disney Records",0.395,0.375,0,-7.948,1,0.034,0.225,0,0.145,0.131,121.04,4
spotify:track:7ef4DlsgrMEH11cDZd32M6,"One Kiss (with Dua Lipa)","One Kiss (with Dua Lipa)","Calvin Harris;Dua Lipa",2018-04-06,214846,83,false,31obk3g3hqkzzzbcgy6uonvv4zfu,2023-09-01T06:05:22Z,"edm,pop","Sony Music UK",0.791,0.862,9,-3.24,0,0.11,0.037,0.0000219,0.0814,0.592,123.994,4
spotify:track:1XGmzt0PVuFgQYYnV2It7A,"Payphone","Overexposed Track By Track","Maroon 5;Wiz Khalifa",2012-01-01,231173,90,true,31obk3g3hqkzzzbcgy6uonvv4zfu,2023-09-01T06:05:38Z,"pop","Interscope Records*",0.743,0.752,4,-4.813,1,0.0414,0.0188,0,0.287,0.545,110.015,4
spotify:track:47BBI51FKFwOMlIiX6m8ya,"I Want It That Way","Millennium","Backstreet Boys",1999-05-18,213306,88,false,31obk3g3hqkzzzbcgy6uonvv4zfu,2023-09-03T10:57:02Z,"","Jive",0.689,0.694,6,-5.83,0,0.027,0.257,0,0.148,0.482,99.039,4
spotify:track:6oMZhY0f1ReI6AJDDYfuSb,"500 Miles","Peter, Paul and Mary","Peter, Paul and Mary",1962-05-01,162933,85,false,31obk3g3hqkzzzbcgy6uonvv4zfu,2023-09-03T10:57:54Z,"folk,folk rock","Warner Records",0.436,0.0695,7,-19.735,1,0.0298,0.858,0,0.107,0.255,97.128,4
spotify:track:5p0ietGkLNEqx1Z7ijkw5g,"My Love","Coast To Coast (Expanded Edition)","Westlife",2000,231760,77,false,31obk3g3hqkzzzbcgy6uonvv4zfu,2023-09-03T10:59:54Z,"","RCA Records Label",0.491,0.593,0,-5.975,1,0.0255,0.098,0,0.257,0.328,144.142,4
spotify:track:5pgdZyYh16sAUkDjrqGPej,"Pretty Boy","Shades of Purple","M2M",2000-02-15,279240,69,false,31obk3g3hqkzzzbcgy6uonvv4zfu,2023-09-03T11:00:11Z,"norwegian pop","Atlantic Records",0.579,0.611,1,-6.188,1,0.0223,0.0257,0,0.145,0.199,87.09,4
spotify:track:2mxT8OWvZSjAzmYYGeBjoY,"Trouble Is a Friend","Lenka (Expanded Edition)","Lenka",2008-09-23,215746,61,false,31obk3g3hqkzzzbcgy6uonvv4zfu,2023-09-03T11:00:48Z,"","Epic",0.657,0.83,8,-5.174,1,0.0248,0.0318,0.0000391,0.122,0.653,118.026,4
spotify:track:3V5K580G9CVnn6h2q6B0PV,"Far Away from Home","Covergirl","Groove Coverage",2002-11-25,261466,43,false,31obk3g3hqkzzzbcgy6uonvv4zfu,2023-09-03T11:01:17Z,"eurodance","Suprime Music",0.556,0.75,0,-6.305,0,0.0392,0.0427,0,0.0874,0.526,181.838,4
spotify:track:5OuP08bgU2H7ZeDQQFQ6q8,"Innocence","The Best Damn Thing (Expanded Edition)","Avril Lavigne",2007-04-17,232200,61,false,31obk3g3hqkzzzbcgy6uonvv4zfu,2023-09-03T11:01:39Z,"","RCA Records Label",0.389,0.711,1,-3.664,0,0.0343,0.148,0,0.202,0.337,137.756,4
spotify:track:1D4PL9B8gOg78jiHg3FvBb,"Love Story","Fearless (Big Machine Radio Release Special)","Taylor Swift",2008-11-11,236266,82,false,31obk3g3hqkzzzbcgy6uonvv4zfu,2023-09-03T11:01:54Z,"","Taylor Swift",0.617,0.741,2,-3.97,1,0.0311,0.131,0,0.0772,0.306,118.984,4
spotify:track:3wM6RTAnF7IQpMFd7b9ZcL,"Yesterday Once More","Now & Then (Reissue)","Carpenters",1973-05-01,233533,73,false,31obk3g3hqkzzzbcgy6uonvv4zfu,2023-09-03T11:03:16Z,"christmas,adult standards","A&M",0.254,0.38,4,-13.806,1,0.0337,0.672,0,0.379,0.408,168.496,4
spotify:track:1yr9HpAu3prvxmq783ZELn,"Lemon Tree","Dish of the Day","Fools Garden",1995-01-01,191026,1,false,31obk3g3hqkzzzbcgy6uonvv4zfu,2023-09-03T11:04:00Z,"","BMG Rights Management GmbH",0.663,0.477,1,-8.839,1,0.0414,0.644,0,0.122,0.643,143.173,4
spotify:track:33LC84JgLvK2KuW43MfaNq,"My Heart Will Go On - Love Theme from ""Titanic""","Let's Talk About Love","Céline Dion",1997-11-14,280000,78,false,31obk3g3hqkzzzbcgy6uonvv4zfu,2023-09-03T11:05:11Z,"variété française","Columbia",0.428,0.276,4,-11.729,1,0.0312,0.732,0.00000533,0.117,0.0382,99.195,1
spotify:track:5I4xjdu4DeKUNMiufzQLoA,"Big Big World","Big Big World","Emilia",1998-01-01,205466,63,false,31obk3g3hqkzzzbcgy6uonvv4zfu,2023-09-03T11:06:12Z,"","Universal Music AB",0.57,0.461,0,-10.249,1,0.0285,0.501,0.0000188,0.202,0.336,87.987,4
spotify:track:523WUV77jFBx3fbeJTOWZ6,"Seasons in the Sun","Westlife","Westlife",1999-11-01,248040,64,false,31obk3g3hqkzzzbcgy6uonvv4zfu,2023-09-03T11:06:33Z,"","RCA Records Label",0.507,0.55,6,-6.224,1,0.0241,0.179,0.0000956,0.149,0.575,175.915,4
spotify:track:7rdtBpPpe4knfd7aD98h9X,"Take Me to Your Heart","Michael Learns To Rock","Michael Learns To Rock",1999-05-10,240640,67,false,31obk3g3hqkzzzbcgy6uonvv4zfu,2023-09-03T11:07:21Z,"","Parlophone Denmark",0.65,0.438,3,-10.358,0,0.027,0.236,0.00000165,0.0979,0.393,122.009,4
spotify:track:2XAuKwZuf3EPDo9GLfBDsB,"Lonely - Re-Recorded 2021","Lonely (Re-Recorded 2021)","Nana Darkman;Alexandra Prince",1997-04-07,246897,0,false,31obk3g3hqkzzzbcgy6uonvv4zfu,2023-09-03T11:09:23Z,"house","NANA DARKMAN Entertainment",0.712,0.654,9,-6.106,0,0.0287,0.0321,0.0000313,0.139,0.458,95.996,4
spotify:track:7CvOnbFdnIoXMQ4eFCo5lB,"Around the World (La La La La La)","Planet Pop","A Touch Of Class;Pete Konemann",2000-11-06,214533,82,false,31obk3g3hqkzzzbcgy6uonvv4zfu,2023-09-03T11:10:31Z,"europop,eurodance","Sony Music Catalog",0.617,0.977,9,-7.028,0,0.0276,0.153,0.0016,0.133,0.679,131.965,4
spotify:track:2pUpNOgJBIBCcjyQZQ00qU,"Let Her Go","All the Little Lights (Deluxe)","Passenger",2013-11-29,252733,81,false,31obk3g3hqkzzzbcgy6uonvv4zfu,2023-09-04T10:43:01Z,"folk pop","Black Crow Records",0.445,0.541,7,-7.36,1,0.0736,0.359,0,0.109,0.217,76.289,4
spotify:track:4DHcnVTT87F0zZhRPYmZ3B,"Flowers","Endless Summer Vacation","Miley Cyrus",2023-03-10,200600,7,false,31obk3g3hqkzzzbcgy6uonvv4zfu,2023-09-08T07:26:52Z,"","Columbia",0.706,0.691,0,-4.775,1,0.0633,0.0584,0.0000699,0.0232,0.632,118.048,4
spotify:track:0VjIjW4GlUZAMYd2vXMi3b,"Blinding Lights","After Hours","The Weeknd",2020-03-20,200040,93,false,31obk3g3hqkzzzbcgy6uonvv4zfu,2023-09-08T07:27:21Z,"","Republic Records",0.513,0.73,1,-5.94,1,0.0598,0.00143,0.0000954,0.0897,0.334,171.001,4
spotify:track:1r299qCKBLgUS9XJ9m1kEx,"Moves Like Jagger","Singles","Maroon 5;Christina Aguilera",2015-09-25,202640,73,false,31obk3g3hqkzzzbcgy6uonvv4zfu,2023-09-09T16:38:11Z,"pop","Interscope Records*",0.72,0.751,11,-4.485,0,0.0461,0.0113,0,0.353,0.599,128.017,4
spotify:track:4cktbXiXOapiLBMprHFErI,"Memories","JORDI (Deluxe)","Maroon 5",2021-06-11,189486,86,false,31obk3g3hqkzzzbcgy6uonvv4zfu,2023-09-09T16:38:44Z,"pop","Interscope Records*",0.775,0.327,11,-7.241,1,0.0557,0.841,0,0.0821,0.595,91.05,4
spotify:track:7x5xYW5W42OGPAdHUyyguy,"Locked Away (feat. Adam Levine)","What Dreams Are Made Of","R. City;Adam Levine",2015-10-09,227475,86,false,31obk3g3hqkzzzbcgy6uonvv4zfu,2023-09-09T16:39:10Z,"","Kemosabe Records/RCA Records",0.509,0.671,1,-5.709,1,0.0678,0.304,0,0.0452,0.55,118.413,5
spotify:track:6cpk00i5TxCqSeqNi2HuIe,"One More Night","Overexposed Track By Track","Maroon 5",2012-01-01,219546,84,false,31obk3g3hqkzzzbcgy6uonvv4zfu,2023-09-09T16:39:30Z,"pop","Interscope Records*",0.716,0.821,5,-3.435,0,0.0314,0.0558,0,0.0844,0.618,92.997,4
spotify:track:2jnQwhY8Xa6voNfQKaEzGq,"Don't Wanna Know","Best Of 2017","Maroon 5;Kendrick Lamar",2017-12-08,214626,43,false,31obk3g3hqkzzzbcgy6uonvv4zfu,2023-09-09T16:40:01Z,"pop,hip hop,west coast hip hop","UMG Recordings, Inc.",0.782,0.607,7,-6.136,1,0.0831,0.359,0,0.0928,0.428,100.022,4
spotify:track:7kAYyzVhWr3nSqAC7CUOWK,"Catch My Breath","Catch My Breath","Kelly Clarkson",2012-10-15,251506,57,false,31obk3g3hqkzzzbcgy6uonvv4zfu,2023-09-10T03:19:58Z,"christmas","RCA Records Label",0.691,0.946,9,-3.221,1,0.0678,0.0259,0,0.0897,0.517,124.021,4
spotify:track:3C0nOe05EIt1390bVABLyN,"On The Floor","Love?","Jennifer Lopez;Pitbull",2011-04-29,284866,93,false,31obk3g3hqkzzzbcgy6uonvv4zfu,2024-07-02T00:06:30Z,"","Nuyorican Productions / IDJ",0.73,0.777,3,-5.194,0,0.0496,0.105,0.000486,0.0691,0.575,130.003,4
spotify:track:6V9kwssTrwkKT72imgowj9,"My Type","Memories...Do Not Open","The Chainsmokers;Emily Warren",2017-04-07,217413,57,false,31obk3g3hqkzzzbcgy6uonvv4zfu,2024-09-15T11:55:22Z,"","Disruptor Records/Columbia",0.604,0.603,7,-6.324,0,0.0389,0.0357,0,0.126,0.15,94.989,4
spotify:track:7MXVkk9YMctZqd1Srtv4MB,"Starboy","Starboy","The Weeknd;Daft Punk",2016-11-25,230453,94,true,31obk3g3hqkzzzbcgy6uonvv4zfu,2024-10-09T13:29:45Z,"french house,electronic,electro","The Weeknd/Lyric",0.679,0.587,7,-7.015,1,0.276,0.141,0.00000635,0.137,0.486,186.003,4
spotify:track:3XVBdLihbNbxUwZosxcGuJ,"If I Ain't Got You","The Diary Of Alicia Keys","Alicia Keys",2003-12-02,228706,86,false,31obk3g3hqkzzzbcgy6uonvv4zfu,2024-10-18T18:17:30Z,"r&b,neo soul","J Records",0.609,0.444,7,-9.129,1,0.106,0.603,0.00000686,0.104,0.166,118.402,3
spotify:track:47isJpIIO8m7BJEhiFhnaf,"double take","double take","Dhruv",2019-05-24,171743,76,false,31obk3g3hqkzzzbcgy6uonvv4zfu,2024-12-06T07:24:27Z,"","Little Worry/RCA Records",0.456,0.437,8,-11.156,1,0.0867,0.839,0,0.218,0.209,108.678,4
spotify:track:5SPT1KuklXBFoBc5QdphOC,"The Way I Still Love You","Reynard Silva","Reynard Silva",2014-03-05,226829,64,false,31obk3g3hqkzzzbcgy6uonvv4zfu,2024-12-06T07:25:07Z,"","Kurado Music, LLC",0.629,0.709,8,-4.334,1,0.0352,0.615,0,0.104,0.488,86.97,4
spotify:track:3LlAyCYU26dvFZBDUIMb7a,"Demons","Night Visions","Imagine Dragons",2012-09-04,175200,78,false,31obk3g3hqkzzzbcgy6uonvv4zfu,2025-06-15T13:36:11Z,"","Kid Ina Korner / Interscope",0.5,0.71,3,-3.015,1,0.0339,0.19,0.00025,0.329,0.419,89.929,4
spotify:track:6I9VzXrHxO9rA9A5euc8Ak,"Toxic","In The Zone","Britney Spears",2003-11-13,198800,89,false,31obk3g3hqkzzzbcgy6uonvv4zfu,2025-06-17T18:48:51Z,"pop","Jive",0.774,0.838,5,-3.914,0,0.114,0.0249,0.025,0.242,0.924,143.04,4
spotify:track:0HqZX76SFLDz2aW8aiqi7G,"Bones","Bones","Imagine Dragons",2022-03-11,165264,78,false,31obk3g3hqkzzzbcgy6uonvv4zfu,2025-06-17T18:54:50Z,"","KIDinaKORNER/Interscope Records",0.773,0.742,5,-3.678,0,0.046,0.0206,0,0.0754,0.571,114.071,4
spotify:track:3CIyK1V4JEJkg02E4EJnDl,"Enemy (with JID) - from the series Arcane League of Legends","Mercury - Acts 1 & 2","Imagine Dragons;JID;Arcane;League of Legends",2022-07-01,173381,82,false,31obk3g3hqkzzzbcgy6uonvv4zfu,2025-06-17T18:55:21Z,"score","Kid Ina Korner / Interscope",0.728,0.783,11,-4.424,0,0.266,0.237,0,0.434,0.555,77.011,4
spotify:track:6KuHjfXHkfnIjdmcIvt9r0,"On Top Of The World","Night Visions (Deluxe)","Imagine Dragons",2012-09-04,189840,72,false,31obk3g3hqkzzzbcgy6uonvv4zfu,2025-06-17T19:03:21Z,"","Kid Ina Korner / Interscope",0.635,0.926,0,-5.589,1,0.15,0.0892,0.0000044,0.0928,0.771,100.043,4
spotify:track:2vwlzO0Qp8kfEtzTsCXfyE,"Wrecking Ball","Bangerz (Deluxe Version)","Miley Cyrus",2013-10-04,221366,85,false,31obk3g3hqkzzzbcgy6uonvv4zfu,2025-06-21T17:26:43Z,"","RCA Records Label",0.53,0.422,5,-6.262,1,0.0342,0.407,0,0.107,0.349,119.964,4
spotify:track:26NX1wPt1TRCH536yocd6i,"If I Were a Boy","I AM...SASHA FIERCE","Beyoncé",2008-11-14,249146,70,false,31obk3g3hqkzzzbcgy6uonvv4zfu,2025-06-21T17:26:57Z,"","Music World Music/Columbia",0.632,0.518,6,-6.126,1,0.0313,0.107,0,0.354,0.427,90.007,4
spotify:track:7DnAm9FOTWE3cUvso43HhI,"Sweet but Psycho","Heaven & Hell","Ava Max",2020-09-18,187436,86,false,31obk3g3hqkzzzbcgy6uonvv4zfu,2025-06-21T17:35:10Z,"","Atlantic Records",0.72,0.706,1,-4.719,1,0.0473,0.0684,0,0.166,0.62,133.002,4
spotify:track:2BgEsaKNfHUdlh97KmvFyo,"2002","Speak Your Mind (Deluxe)","Anne-Marie",2018-04-27,186986,84,false,31obk3g3hqkzzzbcgy6uonvv4zfu,2025-06-21T17:36:02Z,"","Atlantic Records UK",0.697,0.683,1,-2.881,0,0.117,0.0372,0,0.137,0.603,96.133,4
spotify:track:2hrUO4drrO63i7FYbCLBl2,"Rockabye (feat. Sean Paul & Anne-Marie)","What Is Love? (Deluxe Edition)","Clean Bandit;Anne-Marie;Sean Paul",2018-11-30,251173,85,false,31obk3g3hqkzzzbcgy6uonvv4zfu,2025-06-21T17:36:18Z,"dancehall","Atlantic Records UK",0.717,0.73,9,-4.729,0,0.0568,0.383,0,0.398,0.792,102.002,4
spotify:track:0FDzzruyVECATHXKHFs9eJ,"A Sky Full of Stars","Ghost Stories","Coldplay",2014-05-16,267866,91,false,31obk3g3hqkzzzbcgy6uonvv4zfu,2025-06-21T17:39:12Z,"","Parlophone UK",0.545,0.675,6,-6.474,1,0.0279,0.00617,0.00197,0.209,0.162,124.97,4
spotify:track:4gbVRS8gloEluzf0GzDOFc,"Maps","V","Maroon 5",2014-09-02,189960,88,false,31obk3g3hqkzzzbcgy6uonvv4zfu,2025-06-21T17:39:35Z,"pop","Interscope Records*",0.742,0.713,1,-5.522,0,0.0303,0.0205,0,0.059,0.879,120.032,4
spotify:track:5lF0pHbsJ0QqyIrLweHJPW,"Burn","Halcyon Nights","Ellie Goulding",2012-10-12,231213,82,false,31obk3g3hqkzzzbcgy6uonvv4zfu,2025-06-21T17:39:58Z,"","UMC (Universal Music Catalogue)",0.313,0.76,10,-5.049,0,0.0616,0.3,0,0.105,0.343,86.735,4
spotify:track:0AS63m1wHv9n4VVRizK6Hc,"Mercy","Illuminate (Deluxe)","Shawn Mendes",2017-04-20,208733,85,false,31obk3g3hqkzzzbcgy6uonvv4zfu,2025-06-21T17:42:13Z,"","Island Records",0.554,0.662,11,-4.957,0,0.0821,0.126,0,0.111,0.338,148.122,4
spotify:track:0lHAMNU8RGiIObScrsRgmP,"Titanium (feat. Sia)","Nothing but the Beat 2.0","David Guetta;Sia",2011-08-24,245040,78,false,31obk3g3hqkzzzbcgy6uonvv4zfu,2025-06-21T17:42:52Z,"edm","Parlophone (France)",0.604,0.788,0,-3.673,0,0.103,0.0678,0.153,0.127,0.301,126.06,4
spotify:track:0afhq8XCExXpqazXczTSve,"Galway Girl","÷ (Deluxe)","Ed Sheeran",2017-03-03,170826,82,false,31obk3g3hqkzzzbcgy6uonvv4zfu,2025-06-21T17:43:39Z,"soft pop","Atlantic Records UK",0.624,0.876,9,-3.374,1,0.1,0.0735,0,0.327,0.781,99.943,4
spotify:track:7l1qvxWjxcKpB9PCtBuTbU,"Count on Me","Doo-Wops & Hooligans","Bruno Mars",2010-05-11,197469,83,false,31obk3g3hqkzzzbcgy6uonvv4zfu,2025-06-21T17:43:52Z,"","Atlantic Records",0.589,0.389,0,-5.972,1,0.028,0.851,0,0.0772,0.501,89.1,4
spotify:track:1zArTa4SIVhech5bHzzxeh,"Love Me Like You Do","恋したくなるラブソング","Ellie Goulding",2025-05-02,253520,29,false,31obk3g3hqkzzzbcgy6uonvv4zfu,2025-06-21T17:43:56Z,"","UME - Global Clearing House",0.287,0.597,5,-6.641,0,0.0419,0.273,0,0.105,0.31,189.788,4
spotify:track:4kbj5MwxO1bq9wjT5g9HaA,"Shut Up and Dance","TALKING IS HARD","WALK THE MOON",2014-12-02,199080,89,false,31obk3g3hqkzzzbcgy6uonvv4zfu,2025-06-21T17:44:49Z,"","RCA Records Label",0.578,0.866,1,-3.804,1,0.0619,0.00701,0,0.257,0.619,128.038,4
spotify:track:09CtPGIpYB4BrO8qb1RGsF,"Sorry","Purpose (Deluxe)","Justin Bieber",2015-11-13,200786,90,false,31obk3g3hqkzzzbcgy6uonvv4zfu,2025-06-21T17:44:58Z,"","RBMG/Def Jam",0.655,0.76,0,-3.669,0,0.045,0.0797,0,0.299,0.409,99.947,4
spotify:track:76cy1WJvNGJTj78UqeA5zr,"IDGAF","Dua Lipa (Deluxe)","Dua Lipa",2017-06-02,217946,76,true,31obk3g3hqkzzzbcgy6uonvv4zfu,2025-06-21T17:45:46Z,"pop","Warner Records",0.836,0.544,7,-5.975,1,0.0943,0.0403,0,0.0824,0.51,97.028,4
spotify:track:1yvMUkIOTeUNtNWlWRgANS,"Unstoppable","This Is Acting (Deluxe Version)","Sia",2016-10-21,217746,82,false,31obk3g3hqkzzzbcgy6uonvv4zfu,2025-06-21T17:49:51Z,"","Monkey Puzzle Records/RCA Records",0.468,0.779,9,-4.839,1,0.0779,0.112,0.000373,0.101,0.26,173.799,4
spotify:track:0a3ycm3Izx52W7Dekpp5rB,"Booty Music","Booty Music","Git Fresh",2008-01-01,190640,41,true,31obk3g3hqkzzzbcgy6uonvv4zfu,2025-06-21T17:51:26Z,"","Def Jam Recordings",0.825,0.615,5,-5.071,0,0.103,0.0698,0,0.254,0.943,120.016,4
spotify:track:7lQ8MOhq6IN2w8EYcFNSUk,"Without Me","The Eminem Show","Eminem",2002-05-26,290320,91,true,31obk3g3hqkzzzbcgy6uonvv4zfu,2025-06-21T17:53:37Z,"rap,hip hop","Eminem Catalog PS",0.908,0.669,7,-2.827,1,0.0738,0.00286,0,0.237,0.662,112.238,4
spotify:track:3AJwUDP919kvQ9QcozQPxg,"Yellow","Parachutes","Coldplay",2000-07-10,266773,94,false,31obk3g3hqkzzzbcgy6uonvv4zfu,2025-06-21T17:53:55Z,"","Parlophone UK",0.429,0.661,11,-7.227,1,0.0281,0.00239,0.000121,0.234,0.285,173.372,4
spotify:track:0KKkJNfGyhkQ5aFogxQAPU,"That's What I Like","24K Magic","Bruno Mars",2016-11-18,206693,92,false,31obk3g3hqkzzzbcgy6uonvv4zfu,2025-06-21T17:54:51Z,"","Atlantic Records",0.853,0.56,1,-4.961,1,0.0406,0.013,0,0.0944,0.86,134.066,4
spotify:track:3e9HZxeyfWwjeyPAMmWSSQ,"thank u, next","thank u, next","Ariana Grande",2019-02-08,207320,88,true,31obk3g3hqkzzzbcgy6uonvv4zfu,2025-06-21T17:56:29Z,"pop","Republic Records",0.72,0.654,1,-5.634,1,0.0647,0.227,0,0.101,0.411,106.976,4
spotify:track:47EiUVwUp4C9fGccaPuUCS,"DÁKITI","DÁKITI","Bad Bunny;JHAYCO",2020-10-30,205090,83,true,31obk3g3hqkzzzbcgy6uonvv4zfu,2025-06-21T17:57:02Z,"reggaeton,trap latino,latin,urbano latino","Rimas Entertainment LLC.",0.731,0.573,4,-10.059,0,0.0544,0.401,0.0000522,0.113,0.145,109.928,4
spotify:track:1MtUq6Wp1eQ8PC6BbPCj8P,"I Took A Pill In Ibiza - Seeb Remix","At Night, Alone.","Mike Posner;Seeb",2016-05-06,197933,70,true,31obk3g3hqkzzzbcgy6uonvv4zfu,2025-06-21T17:57:32Z,"","Monster Mountain, LLC / Island",0.664,0.714,7,-6.645,0,0.111,0.0353,0.00000842,0.0843,0.71,101.969,4
spotify:track:2Pner0zYKaSPQ3YeYYXdup,"INDUSTRY BABY (feat. Jack Harlow)","INDUSTRY BABY (feat. Jack Harlow)","Lil Nas X;Jack Harlow",2021-07-23,212000,57,false,31obk3g3hqkzzzbcgy6uonvv4zfu,2025-06-21T18:00:18Z,"","Columbia",0.736,0.699,10,-7.404,0,0.0579,0.0221,0,0.0486,0.911,149.991,4
spotify:track:4ZtFanR9U6ndgddUvNcjcG,"good 4 u","SOUR","Olivia Rodrigo",2021-05-21,178146,86,true,31obk3g3hqkzzzbcgy6uonvv4zfu,2025-06-21T18:02:42Z,"","Olivia Rodrigo PS",0.563,0.664,9,-5.044,1,0.154,0.335,0,0.0849,0.688,166.928,4
spotify:track:2ekn2ttSfGqwhhate0LSR0,"New Rules","Dua Lipa (Deluxe)","Dua Lipa",2017-06-02,209320,79,false,31obk3g3hqkzzzbcgy6uonvv4zfu,2025-06-21T18:03:39Z,"pop","Warner Records",0.762,0.7,9,-6.021,0,0.0694,0.00261,0.0000156,0.153,0.608,116.073,4
spotify:track:7fBv7CLKzipRk6EC6TWHOB,"The Hills","Beauty Behind The Madness","The Weeknd",2015-08-28,242253,89,true,31obk3g3hqkzzzbcgy6uonvv4zfu,2025-06-21T18:03:57Z,"","The Weeknd/Lyric",0.585,0.564,0,-7.063,0,0.0515,0.0671,0,0.135,0.137,113.003,4
spotify:track:3CRDbSIZ4r5MsZ0YwxuEkn,"Stressed Out","Blurryface","Twenty One Pilots",2015-05-15,202333,90,false,31obk3g3hqkzzzbcgy6uonvv4zfu,2025-06-21T18:04:59Z,"","Fueled By Ramen",0.734,0.637,4,-5.677,0,0.141,0.0462,0.0000229,0.0602,0.648,169.977,4
spotify:track:7m9OqQk4RVRkw9JJdeAw96,"Jocelyn Flores","17","XXXTENTACION",2017-08-25,119133,79,true,31obk3g3hqkzzzbcgy6uonvv4zfu,2025-06-21T18:05:16Z,"emo rap","Bad Vibes Forever / EMPIRE",0.872,0.391,0,-9.144,0,0.242,0.469,0.00000413,0.297,0.437,134.021,4
spotify:track:21jGcNKet2qwijlDFuPiPb,"Circles","Hollywood's Bleeding","Post Malone",2019-09-06,215280,89,false,31obk3g3hqkzzzbcgy6uonvv4zfu,2025-06-21T18:06:23Z,"","Republic Records",0.695,0.763,0,-3.497,1,0.0396,0.189,0.00242,0.0863,0.551,120.042,4
spotify:track:2VxeLyX666F8uXCJ0dZF8B,"Shallow","A Star Is Born Soundtrack","Lady Gaga;Bradley Cooper",2018-10-05,215733,86,false,31obk3g3hqkzzzbcgy6uonvv4zfu,2025-06-21T18:07:02Z,"art pop,pop","A Star is Born OST",0.577,0.385,7,-6.362,1,0.03,0.371,0,0.231,0.331,95.82,4
spotify:track:6DCZcSspjsKoFjzjrWoCdn,"God's Plan","Scorpion","Drake",2018-06-29,198973,88,true,31obk3g3hqkzzzbcgy6uonvv4zfu,2025-06-21T18:07:43Z,"rap","Cash Money/Drake LP6",0.754,0.449,7,-9.211,1,0.109,0.0332,0.0000829,0.552,0.357,77.169,4
spotify:track:5uCax9HTNlzGybIStD3vDh,"Say You Won't Let Go","Back from the Edge","James Arthur",2016-10-28,211477,87,false,31obk3g3hqkzzzbcgy6uonvv4zfu,2025-06-21T18:09:24Z,"soft pop","Columbia",0.358,0.557,10,-7.398,1,0.059,0.695,0,0.0902,0.494,85.043,4
spotify:track:3USxtqRwSYz57Ewm6wWRMp,"Heat Waves","Dreamland","Glass Animals",2020-08-07,238805,91,false,31obk3g3hqkzzzbcgy6uonvv4zfu,2025-06-21T18:09:39Z,"","Polydor Records",0.761,0.525,11,-6.9,1,0.0944,0.44,0.0000067,0.0921,0.531,80.87,4
spotify:track:3Z2tPWiNiIpg8UMMoowHIk,"We Are The World","We Are The World","U.S.A. For Africa",1985-01-01,427333,74,false,31obk3g3hqkzzzbcgy6uonvv4zfu,2025-06-21T18:48:59Z,"","USA for Africa",0.528,0.447,4,-15.255,1,0.0435,0.189,0,0.0745,0.292,72.58,4
spotify:track:6llBOJ6HLHvlVnKeZqhXk8,"Rumors","Rumors","Jake Miller",2015-07-08,186102,64,false,31obk3g3hqkzzzbcgy6uonvv4zfu,2025-06-22T10:05:41Z,"","Warner Records",0.883,0.712,1,-4.769,0,0.0465,0.134,0,0.106,0.825,120.022,4
spotify:track:3q2MMLsB1OpY61k0C89Z3x,"Wake - Live","We Are Young & Free (Live)","Hillsong Young & Free;TAYA",2013-09-30,275573,1,false,31obk3g3hqkzzzbcgy6uonvv4zfu,2025-06-22T10:33:39Z,"worship,christian,pop worship,christian edm,christian pop,gospel","Hillsong (HIL)",0.51,0.981,4,-3.872,0,0.0666,0.000175,0.0000484,0.84,0.395,131.03,4
spotify:track:5RIVoVdkDLEygELLCniZFr,"Watch Me (Whip / Nae Nae)","Watch Me (Whip / Nae Nae)","Silentó",2015-05-04,185142,71,false,31obk3g3hqkzzzbcgy6uonvv4zfu,2025-06-22T10:37:19Z,"","Capitol Records (US1A)",0.821,0.759,8,-8.541,1,0.121,0.247,0,0.321,0.962,140.01,4
spotify:track:30oEeJE3bxNMODjscH9Scl,"Demons","Demons [The Seasons: Cantabile of Park Bo Gum]","ENHYPEN",2025-06-13,176000,64,false,31obk3g3hqkzzzbcgy6uonvv4zfu,2025-06-22T11:29:46Z,"k-pop","Genie Music Corporation, Stone Music Entertainment",0.436,0.556,3,-4.158,1,0.0313,0.375,0,0.314,0.372,179.788,4
spotify:track:6g6A7qNhTfUgOSH7ROOxTD,"Talk Dirty (feat. 2 Chainz)","Talk Dirty","Jason Derulo;2 Chainz",2013-09-16,177685,71,true,31obk3g3hqkzzzbcgy6uonvv4zfu,2025-06-22T18:34:23Z,"southern hip hop,rap","Beluga Heights/Warner Records",0.76,0.652,6,-7.321,1,0.232,0.0348,0,0.307,0.759,100.315,4
spotify:track:41Fflg7qHiVOD6dEPvsCzO,"Worth It (feat. Kid Ink)","Reflection (Deluxe)","Fifth Harmony;Kid Ink",2015-01-30,224573,81,false,31obk3g3hqkzzzbcgy6uonvv4zfu,2025-06-22T18:38:12Z,"","Syco Music/Epic",0.884,0.765,8,-3.865,1,0.0882,0.063,0.00000704,0.118,0.594,99.987,4
spotify:track:0lYBSQXN6rCTvUZvg9S0lU,"Let Me Love You","Encore","DJ Snake;Justin Bieber",2016-08-05,205946,91,false,31obk3g3hqkzzzbcgy6uonvv4zfu,2025-06-22T18:40:38Z,"","DJ Snake Def Jam",0.475,0.715,8,-5.371,1,0.058,0.0863,0.0000267,0.135,0.159,199.892,4
spotify:track:7zsXy7vlHdItvUSH8EwQss,"Cold Water","Cold Water","Major Lazer;Justin Bieber;MØ",2016-07-22,185360,74,false,31obk3g3hqkzzzbcgy6uonvv4zfu,2025-06-22T18:41:02Z,"moombahton","Mad Decent PS (Bieber/Major Lazer)",0.608,0.798,6,-5.092,0,0.0432,0.0736,0,0.156,0.5,92.946,4
spotify:track:3LlmKSHR3Rs0Y3KHQLAYDk,"Alone","Different World","Alan Walker",2018-12-14,160426,80,false,31obk3g3hqkzzzbcgy6uonvv4zfu,2025-06-22T18:41:24Z,"","Kreatell Music",0.673,0.914,10,-3.962,1,0.0496,0.229,0.000478,0.186,0.183,97.021,4
spotify:track:1wIyr1y5wiWqo7nqbxHpWt,"FRIENDS","FRIENDS","Marshmello;Anne-Marie",2018-02-09,201733,84,true,31obk3g3hqkzzzbcgy6uonvv4zfu,2025-06-22T18:44:07Z,"edm","Joytime Collective",0.63,0.856,9,-2.792,0,0.0455,0.226,0,0.124,0.604,96.003,4
spotify:track:2d8JP84HNLKhmd6IYOoupQ,"Trap Queen","Fetty Wap (Deluxe)","Fetty Wap",2015-09-25,222093,85,true,31obk3g3hqkzzzbcgy6uonvv4zfu,2025-06-22T18:44:49Z,"","300 Entertainment/RGF Productions",0.746,0.873,7,-3.803,1,0.128,0.0244,0,0.354,0.817,148.075,4
spotify:track:4QLjLmiBMEprh7NaGUWxl9,"Unity","Unity","TheFatRat",2015-03-06,249285,55,false,31obk3g3hqkzzzbcgy6uonvv4zfu,2025-06-22T18:45:02Z,"","Pharisade",0.707,0.88,4,-3.211,0,0.0317,0.00424,0.0379,0.0534,0.564,105,4
spotify:track:3xXBsjrbG1xQIm1xv1cKOt,"One More Light","One More Light","Linkin Park",2017-05-19,255066,81,false,31obk3g3hqkzzzbcgy6uonvv4zfu,2025-06-22T18:45:47Z,"nu metal,rap metal,rock,alternative metal","Warner Records",0.593,0.2,8,-11.063,1,0.0311,0.904,0,0.0897,0.17,83.966,4
spotify:track:6WzRpISELf3YglGAh7TXcG,"Popular (with Playboi Carti & Madonna) - From The Idol Vol. 1 (Music from the HBO Original Series)","Popular (Music from the HBO Original Series)","The Weeknd;Playboi Carti;Madonna",2023-06-02,215466,85,true,31obk3g3hqkzzzbcgy6uonvv4zfu,2025-06-22T18:46:25Z,"rage rap","XO / Republic Records",0.854,0.674,1,-6.23,1,0.184,0.0517,0.0000853,0.509,0.848,99.022,4
spotify:track:2MzpxGDiydCWqMNIt9cETw,"Episode 33","location","She Her Her Hers",2019-11-13,257379,47,false,31obk3g3hqkzzzbcgy6uonvv4zfu,2025-06-22T18:46:49Z,"japanese indie,shoegaze,chinese indie","Conditioner Label",0.475,0.353,6,-8.839,0,0.0262,0.0284,0.0067,0.075,0.426,79.987,4
spotify:track:2o9LAypwGH4ctV0i9boo6d,"Come Around Me","Changes","Justin Bieber",2020-02-14,200773,73,false,31obk3g3hqkzzzbcgy6uonvv4zfu,2025-06-22T18:47:06Z,"","RBMG/Def Jam",0.648,0.681,2,-8.389,0,0.0379,0.263,0.00761,0.0971,0.766,157.944,4
spotify:track:34VhnIUNsHQFDyxhymwnZl,"golden hour","golden hour","JVKE",2022-07-15,209259,57,false,31obk3g3hqkzzzbcgy6uonvv4zfu,2025-06-22T18:47:18Z,"","JVKE",0.515,0.593,4,-4.801,1,0.0322,0.653,0.162,0.25,0.153,94.467,3
spotify:track:6bNB5gxFX6Q87DbQWb8OWZ,"Waka Waka (This Time for Africa) [The Official 2010 FIFA World Cup (TM) Song] (feat. Freshlyground)","Listen Up! The Official 2010 FIFA World Cup Album","Shakira;Freshlyground",2010-05-31,202626,74,false,31obk3g3hqkzzzbcgy6uonvv4zfu,2025-06-22T18:48:53Z,"latin pop,afro soul,afropop,dubstep","Epic",0.758,0.871,2,-6.408,1,0.147,0.0062,0,0.0663,0.753,126.994,4
spotify:track:7LcfRTgAVTs5pQGEQgUEzN,"Moves Like Jagger - Studio Recording From ""The Voice"" Performance","Hands All Over","Maroon 5;Christina Aguilera",2010,201160,79,false,31obk3g3hqkzzzbcgy6uonvv4zfu,2025-06-22T18:49:20Z,"pop","Interscope Records*",0.722,0.758,11,-4.477,0,0.0471,0.0111,0,0.308,0.62,128.047,4
spotify:track:4wCmqSrbyCgxEXROQE6vtV,"Somebody That I Used To Know","Making Mirrors","Gotye;Kimbra",2011-01-01,244973,81,false,31obk3g3hqkzzzbcgy6uonvv4zfu,2025-06-22T18:49:42Z,"","Samples & Seconds / Republic",0.864,0.495,0,-7.036,1,0.037,0.591,0.000133,0.0992,0.72,129.062,4
spotify:track:4DJZTapBDzc9UOpB0uv1tG,"Fire","Fire","Gavin DeGraw",2014-08-12,228293,52,false,31obk3g3hqkzzzbcgy6uonvv4zfu,2025-06-22T18:51:25Z,"","RCA Records Label",0.549,0.582,7,-6.53,0,0.0364,0.00727,0,0.339,0.456,180.984,4
spotify:track:1p80LdxRV74UKvL8gnD7ky,"Blank Space","1989","Taylor Swift",2014-10-27,231826,79,false,31obk3g3hqkzzzbcgy6uonvv4zfu,2025-06-22T18:51:34Z,"","Taylor Swift",0.753,0.678,5,-5.421,1,0.0644,0.085,0.00000164,0.13,0.583,96.006,4
spotify:track:2CBRK2YUv7dGidwTRA9p7r,"Dream It Possible","Stay Strong","Clarissa Höbel",2022-07-22,203000,40,false,31obk3g3hqkzzzbcgy6uonvv4zfu,2025-06-22T18:52:14Z,"","USP Media",0.56,0.4,0,-8.704,0,0.0292,0.437,0,0.115,0.376,120.009,4
spotify:track:3cNjgVBKTJ1SvKhunrCdVy,"Please Don't Go","Please Don't Go","Joel Adams",2015-11-06,210580,65,false,31obk3g3hqkzzzbcgy6uonvv4zfu,2025-06-22T18:52:57Z,"","Will Walker Records, LLC",0.513,0.768,4,-4.868,0,0.0587,0.0118,0.0000194,0.294,0.235,84.264,4
spotify:track:0SK40MbVDJ5WkFFEcRWgZW,"Reality","Reality","Lost Frequencies;Janieck",2015-05-22,159480,51,false,31obk3g3hqkzzzbcgy6uonvv4zfu,2025-06-22T18:54:07Z,"tropical house","The Bearded Man (Armada)",0.715,0.696,1,-7.887,0,0.0321,0.0197,0.00000205,0.0697,0.6,122.144,4
spotify:track:73Mfgc0HTZeNCoNrDI46sJ,"Move Your Body","This Is Acting (Deluxe Version)","Sia",2016-10-21,247213,58,false,31obk3g3hqkzzzbcgy6uonvv4zfu,2025-06-22T18:54:18Z,"","Monkey Puzzle Records/RCA Records",0.617,0.842,10,-4.062,0,0.034,0.00117,0.261,0.131,0.36,127.955,4
spotify:track:6n2QOmyioHfAqwwAh5xZHK,"That Girl","24 HRS (Expanded Edition)","Olly Murs",2016-11-11,176741,64,false,31obk3g3hqkzzzbcgy6uonvv4zfu,2025-06-22T18:54:42Z,"","RCA Records Label",0.567,0.771,10,-4.532,0,0.0409,0.0125,0,0.353,0.59,178.065,4
spotify:track:4qRaZYiaOsSvWC7VgcxrI0,"HandClap","Fitz and The Tantrums (Deluxe Edition)","Fitz and The Tantrums",2017-07-24,193253,73,false,31obk3g3hqkzzzbcgy6uonvv4zfu,2025-06-22T18:54:51Z,"","Elektra (NEK)",0.636,0.836,8,-3.004,1,0.0427,0.00609,0.000157,0.0828,0.715,139.956,4
spotify:track:2DGa7iaidT5s0qnINlwMjJ,"The Spectre","The Spectre","Alan Walker",2017-09-15,193787,75,false,31obk3g3hqkzzzbcgy6uonvv4zfu,2025-06-22T18:55:37Z,"","Kreatell Music",0.654,0.711,1,-7.437,0,0.0383,0.0214,0.00191,0.0903,0.198,127.957,4
spotify:track:2XU0oxnq2qxCpomAAuJY8K,"Dance Monkey","Dance Monkey (Stripped Back) / Dance Monkey","Tones And I",2019-10-17,209438,78,false,31obk3g3hqkzzzbcgy6uonvv4zfu,2025-06-22T18:56:39Z,"","Elektra (NEK)",0.824,0.588,6,-6.4,0,0.0924,0.692,0.000104,0.149,0.513,98.027,4
spotify:track:1TQXIltqoZ5XXyfCbAeSQQ,"Dancing With Your Ghost","Dancing With Your Ghost","Sasha Alex Sloan",2019-06-28,197732,78,false,31obk3g3hqkzzzbcgy6uonvv4zfu,2025-06-22T18:56:50Z,"","RCA Records Label",0.629,0.328,11,-8.284,1,0.029,0.768,0.000025,0.103,0.389,74.953,4
spotify:track:190jyVPHYjAqEaOGmMzdyk,"Beauty And A Beat","Believe (Deluxe Edition)","Justin Bieber;Nicki Minaj",2012-06-15,227986,91,false,31obk3g3hqkzzzbcgy6uonvv4zfu,2025-06-22T19:05:00Z,"","RBMG/Def Jam",0.602,0.843,0,-4.831,1,0.0593,0.000688,0.0000527,0.0682,0.526,128.003,4
spotify:track:364dI1bYnvamSnBJ8JcNzN,"Intentions","Intentions","Justin Bieber;Quavo",2020-02-07,212868,73,false,31obk3g3hqkzzzbcgy6uonvv4zfu,2025-06-22T19:05:51Z,"","RBMG/Def Jam",0.811,0.553,9,-6.644,1,0.0552,0.317,0,0.105,0.86,148.014,4
spotify:track:41L3O37CECZt3N7ziG2z7l,"Yummy","Yummy","Justin Bieber",2020-01-03,210426,69,false,31obk3g3hqkzzzbcgy6uonvv4zfu,2025-06-22T19:06:14Z,"","RBMG/Def Jam",0.688,0.514,9,-6.612,0,0.0903,0.366,0,0.116,0.494,145.919,4
spotify:track:64MmobYNviePoiaINMrbMn,"Shots","Smoke + Mirrors","Imagine Dragons",2014-09-18,232333,59,false,31obk3g3hqkzzzbcgy6uonvv4zfu,2025-06-22T19:09:11Z,"","Kid Ina Korner / Interscope",0.552,0.76,11,-6.861,0,0.0367,0.00713,0.0113,0.313,0.338,104.957,4
spotify:track:1BxfuPKGuaTgP7aM0Bbdwr,"Cruel Summer","Lover","Taylor Swift",2019-08-23,178426,91,false,31obk3g3hqkzzzbcgy6uonvv4zfu,2025-06-22T19:11:49Z,"","Taylor Swift",0.552,0.702,9,-5.707,1,0.157,0.117,0.0000206,0.105,0.564,169.994,4
spotify:track:5YqltLsjdqFtvqE7Nrysvs,"We Are Never Ever Getting Back Together (Taylor's Version)","Red (Taylor's Version)","Taylor Swift",2021-11-12,193146,75,false,31obk3g3hqkzzzbcgy6uonvv4zfu,2025-06-22T19:12:49Z,"","Taylor Swift",0.567,0.686,7,-6.139,1,0.175,0.0317,0.00000186,0.0732,0.716,172.014,4
spotify:track:4lIxdJw6W3Fg4vUIYCB0S5,"Style","1989","Taylor Swift",2014-10-27,231000,80,false,31obk3g3hqkzzzbcgy6uonvv4zfu,2025-06-22T19:14:31Z,"","Taylor Swift",0.598,0.786,2,-5.572,1,0.0383,0.00253,0.0016,0.117,0.456,95.019,4
spotify:track:4R2kfaDFhslZEMJqAFNpdd,"cardigan","folklore","Taylor Swift",2020-07-24,239560,87,false,31obk3g3hqkzzzbcgy6uonvv4zfu,2025-06-22T19:14:55Z,"","Taylor Swift",0.613,0.581,0,-8.588,0,0.0424,0.537,0.000345,0.25,0.551,130.033,4
spotify:track:1dGr1c8CrMLDpV6mPbImSI,"Lover","Lover","Taylor Swift",2019-08-23,221306,86,false,31obk3g3hqkzzzbcgy6uonvv4zfu,2025-06-22T19:16:01Z,"","Taylor Swift",0.359,0.543,7,-7.582,1,0.0919,0.492,0.0000158,0.118,0.453,68.534,4
spotify:track:0V3wPSX9ygBnCm8psDIegu,"Anti-Hero","Midnights","Taylor Swift",2022-10-21,200690,83,false,31obk3g3hqkzzzbcgy6uonvv4zfu,2025-06-22T19:16:32Z,"","Taylor Swift",0.633,0.648,4,-6.645,1,0.062,0.121,0.00000262,0.161,0.49,96.888,4
spotify:track:0lx2cLdOt3piJbcaXIV74f,"willow","evermore","Taylor Swift",2020-12-11,214706,76,false,31obk3g3hqkzzzbcgy6uonvv4zfu,2025-06-22T19:18:55Z,"","Taylor Swift",0.392,0.574,7,-9.195,1,0.17,0.833,0.00179,0.145,0.529,81.112,4
spotify:track:3nsfB1vus2qaloUdcBZvDu,"All Too Well (Taylor's Version)","Red (Taylor's Version)","Taylor Swift",2021-11-12,329160,76,false,31obk3g3hqkzzzbcgy6uonvv4zfu,2025-06-22T19:20:07Z,"","Taylor Swift",0.44,0.528,0,-7.809,1,0.0317,0.0171,0.00203,0.234,0.132,185.972,4
spotify:track:5Ravsw8TmHN5wBiYPPYUFw,"Right Now (Na Na Na)","Freedom","Akon",2008-01-01,240746,84,false,31obk3g3hqkzzzbcgy6uonvv4zfu,2025-06-22T19:21:49Z,"","Konvict/Upfront/SRC/Universal Records",0.829,0.857,8,-4.194,0,0.152,0.26,0,0.415,0.586,137.979,4
spotify:track:6RRNNciQGZEXnqk8SQ9yv5,"You Need To Calm Down","Lover","Taylor Swift",2019-08-23,171360,78,false,31obk3g3hqkzzzbcgy6uonvv4zfu,2025-06-22T19:23:05Z,"","Taylor Swift",0.771,0.671,2,-5.617,1,0.0553,0.00929,0,0.0637,0.714,85.026,4
spotify:track:59HjlYCeBsxdI0fcm3zglw,"Wildest Dreams","1989","Taylor Swift",2014-10-27,220440,75,false,31obk3g3hqkzzzbcgy6uonvv4zfu,2025-06-22T19:23:27Z,"","Taylor Swift",0.554,0.666,8,-7.414,1,0.0747,0.0702,0.00593,0.106,0.472,140.056,4
spotify:track:6rZVy6FIG7lSJQMFXHo12z,"New Romantics","1989 (Deluxe Edition)","Taylor Swift",2014-10-27,230466,64,false,31obk3g3hqkzzzbcgy6uonvv4zfu,2025-06-22T19:24:05Z,"","Taylor Swift",0.633,0.889,5,-5.87,1,0.0715,0.00463,0.000458,0.0658,0.584,121.956,4
spotify:track:2Rk4JlNc2TPmZe2af99d45,"ME! (feat. Brendon Urie of Panic! At The Disco)","Lover","Taylor Swift;Brendon Urie;Panic! At The Disco",2019-08-23,193000,75,false,31obk3g3hqkzzzbcgy6uonvv4zfu,2025-06-22T19:24:57Z,"emo","Taylor Swift",0.61,0.83,0,-4.105,1,0.0571,0.033,0,0.118,0.728,182.162,4
spotify:track:55n9yjI6qqXh5F2mYvUc2y,"I Don’t Wanna Live Forever (Fifty Shades Darker)","reputation Stadium Tour Surprise Song Playlist","ZAYN;Taylor Swift",2017-11-09,247160,83,false,31obk3g3hqkzzzbcgy6uonvv4zfu,2025-06-22T19:25:30Z,"","Taylor Swift",0.73,0.444,0,-8.418,1,0.0538,0.059,0.000018,0.14,0.106,117.979,4
spotify:track:10eBRyImhfqVvkiVEGf0N0,"Enchanted","Speak Now","Taylor Swift",2010-10-25,352186,67,false,31obk3g3hqkzzzbcgy6uonvv4zfu,2025-06-22T19:25:56Z,"","Taylor Swift",0.455,0.623,8,-3.878,1,0.0288,0.0739,0.000424,0.146,0.208,163.893,4
spotify:track:2plbrEY59IikOBgBGLjaoe,"Die With A Smile","Die With A Smile","Lady Gaga;Bruno Mars",2024-08-16,251667,92,false,31obk3g3hqkzzzbcgy6uonvv4zfu,2025-06-22T19:27:27Z,"art pop,pop","Interscope",0.521,0.592,6,-7.777,0,0.0304,0.308,0,0.122,0.535,157.969,3
spotify:track:55h7vJchibLdUkxdlX3fK7,"Treasure","Unorthodox Jukebox","Bruno Mars",2012-12-07,178560,86,true,31obk3g3hqkzzzbcgy6uonvv4zfu,2025-06-22T19:28:31Z,"","Atlantic Records",0.874,0.692,5,-5.28,0,0.0431,0.0412,0.0000724,0.324,0.937,116.017,4
spotify:track:5MMLS3xm12D7N26xlfFApr,"Runaway Baby","Doo-Wops & Hooligans","Bruno Mars",2010-05-11,148448,78,false,31obk3g3hqkzzzbcgy6uonvv4zfu,2025-06-22T19:28:46Z,"","Atlantic Records",0.658,0.762,10,-3.028,0,0.0425,0.263,0,0.127,0.823,163.864,4
spotify:track:6b8Be6ljOzmkOmFslEb23P,"24K Magic","24K Magic","Bruno Mars",2016-11-18,225983,87,false,31obk3g3hqkzzzbcgy6uonvv4zfu,2025-06-22T19:29:08Z,"","Atlantic Records",0.818,0.803,1,-4.282,1,0.0797,0.034,0,0.153,0.632,106.97,4
spotify:track:22PMfvdz35fFKYnJyMn077,"Marry You","Doo-Wops & Hooligans","Bruno Mars",2010-05-11,230192,82,false,31obk3g3hqkzzzbcgy6uonvv4zfu,2025-06-22T19:30:07Z,"","Atlantic Records",0.621,0.82,10,-4.865,1,0.0367,0.332,0,0.104,0.452,144.905,4
spotify:track:59dLtGBS26x7kc0rHbaPrq,"Nothin' on You (feat. Bruno Mars)","B.o.B Presents: The Adventures of Bobby Ray","B.o.B;Bruno Mars",2010-04-27,268320,88,false,31obk3g3hqkzzzbcgy6uonvv4zfu,2025-06-22T19:31:43Z,"","Rebel Rock/Grand Hustle/Atlantic",0.688,0.853,10,-5.814,1,0.0493,0.386,0,0.0862,0.743,103.993,4
spotify:track:0BCPKOYdS2jbQ8iyB56Zns,"Clocks","A Rush of Blood to the Head","Coldplay",2002-08-27,307879,89,false,31obk3g3hqkzzzbcgy6uonvv4zfu,2025-06-22T19:36:44Z,"","Parlophone Records Limited",0.577,0.749,5,-7.215,0,0.0279,0.599,0.0115,0.183,0.255,130.97,4
spotify:track:5EYBryPOgIEPB7r5QIy6eG,"Fallin' All In You","Shawn Mendes","Shawn Mendes",2018-05-25,235746,70,false,31obk3g3hqkzzzbcgy6uonvv4zfu,2025-06-22T19:38:16Z,"","Island Records",0.853,0.477,8,-6.696,1,0.036,0.405,0,0.111,0.801,92.032,4
spotify:track:2bT1PH7Cw3J9p3t7nlXCdh,"If I Can't Have You","Shawn Mendes (Deluxe)","Shawn Mendes",2019-06-19,191466,78,false,31obk3g3hqkzzzbcgy6uonvv4zfu,2025-06-22T19:38:36Z,"","Island Records",0.691,0.823,2,-4.197,1,0.0622,0.489,0,0.134,0.87,123.943,4
spotify:track:2QZ7WLBE8h2y1Y5Fb8RYbH,"In My Blood","Shawn Mendes","Shawn Mendes",2018-05-25,211360,76,false,31obk3g3hqkzzzbcgy6uonvv4zfu,2025-06-22T19:39:31Z,"","Island Records",0.622,0.711,5,-7.321,1,0.0665,0.0573,0,0.13,0.487,140.016,4
spotify:track:2p8IUWQDrpjuFltbdgLOag,"After Hours","After Hours","The Weeknd",2020-03-20,361026,86,false,31obk3g3hqkzzzbcgy6uonvv4zfu,2025-06-22T19:41:00Z,"","Republic Records",0.658,0.572,5,-6.099,0,0.0308,0.0811,0.0061,0.121,0.144,108.968,4
spotify:track:0mL82sxCRjrs3br407IdJh,"Is There Someone Else?","Dawn FM","The Weeknd",2022-01-06,199111,84,false,31obk3g3hqkzzzbcgy6uonvv4zfu,2025-06-22T19:42:05Z,"","XO / Republic Records",0.702,0.586,9,-7.83,0,0.0313,0.0388,0.0000727,0.156,0.608,134.951,4
spotify:track:34gCuhDGsG4bRPIf9bb02f,"Thinking out Loud","x (Deluxe Edition)","Ed Sheeran",2014-06-21,281560,87,false,31obk3g3hqkzzzbcgy6uonvv4zfu,2025-06-22T19:43:24Z,"soft pop","Atlantic Records UK",0.781,0.445,2,-6.061,1,0.0295,0.474,0,0.184,0.591,78.998,4
spotify:track:35mvY5S1H3J2QZyna3TFe0,"positions","Positions","Ariana Grande",2020-10-30,172324,84,true,31obk3g3hqkzzzbcgy6uonvv4zfu,2025-06-22T19:44:27Z,"pop","Republic Records",0.737,0.802,0,-4.771,1,0.0878,0.468,0,0.0931,0.682,144.015,4
spotify:track:43bCmCI0nSgcT7QdMXY6LV,"Side To Side","Dangerous Woman","Ariana Grande;Nicki Minaj",2016-05-20,226160,76,true,31obk3g3hqkzzzbcgy6uonvv4zfu,2025-06-22T19:44:41Z,"pop","Universal Records",0.649,0.736,6,-5.84,0,0.23,0.0528,0,0.235,0.612,159.182,4
spotify:track:2vdBo4ALPYbHRUPKgtE5iC,"ghostin","thank u, next","Ariana Grande",2019-02-08,271466,74,false,31obk3g3hqkzzzbcgy6uonvv4zfu,2025-06-22T19:44:52Z,"pop","Republic Records",0.29,0.364,9,-8.295,1,0.0293,0.418,0.0000189,0.185,0.11,103.684,4
spotify:track:3UoULw70kMsiVXxW0L3A33,"pov","Positions","Ariana Grande",2020-10-30,201882,78,false,31obk3g3hqkzzzbcgy6uonvv4zfu,2025-06-22T19:45:27Z,"pop","Republic Records",0.487,0.534,0,-5.664,0,0.0555,0.36,0,0.1,0.173,131.798,4
spotify:track:0D9w5UiVChw1VTZk1py37x,"Thinking Bout You","Dangerous Woman","Ariana Grande",2016-05-20,200400,53,true,31obk3g3hqkzzzbcgy6uonvv4zfu,2025-06-22T19:45:52Z,"pop","Universal Records",0.515,0.696,11,-6.028,1,0.0648,0.0148,0.000864,0.123,0.396,103.134,4
spotify:track:5OCJzvD7sykQEKHH7qAC3C,"God is a woman","Sweetener","Ariana Grande",2018-08-17,197546,84,true,31obk3g3hqkzzzbcgy6uonvv4zfu,2025-06-22T19:46:00Z,"pop","Republic Records",0.602,0.658,1,-5.934,1,0.0558,0.0233,0.00006,0.237,0.268,145.031,4
spotify:track:7vS3Y0IKjde7Xg85LWIEdP,"Problem","My Everything (Deluxe)","Ariana Grande;Iggy Azalea",2014-08-22,193920,83,false,31obk3g3hqkzzzbcgy6uonvv4zfu,2025-06-22T19:46:32Z,"pop","Universal Records",0.66,0.805,1,-5.352,0,0.153,0.0192,0.00000883,0.159,0.625,103.021,4
spotify:track:11BKm0j4eYoCPPpCONAVwA,"Bloody Mary","Born This Way (Special Edition)","Lady Gaga",2011-01-01,244760,71,false,31obk3g3hqkzzzbcgy6uonvv4zfu,2025-06-22T19:48:22Z,"art pop,pop","Interscope",0.591,0.634,9,-6.365,0,0.0291,0.0107,0.00000195,0.113,0.44,99.998,4
spotify:track:22mek4IiqubGD9ctzxc69s,"How Deep Is Your Love","How Deep Is Your Love","Calvin Harris;Disciples",2015-07-17,212495,81,false,31obk3g3hqkzzzbcgy6uonvv4zfu,2025-06-22T19:52:32Z,"edm","Columbia",0.738,0.868,11,-4.373,0,0.0731,0.0392,0.00169,0.388,0.336,122.003,4
spotify:track:0A9mHc7oYUoCECqByV8cQR,"Animals","Animals","Martin Garrix",2013-06-17,304228,77,false,31obk3g3hqkzzzbcgy6uonvv4zfu,2025-06-22T19:54:00Z,"edm,progressive house,electronica","STMPD RCRDS",0.675,0.868,1,-6.36,1,0.0392,0.00107,0.715,0.374,0.0376,128.007,4
spotify:track:4w8niZpiMy6qz1mntFA5uM,"Taki Taki (with Selena Gomez, Ozuna & Cardi B)","Taki Taki (with Selena Gomez, Ozuna & Cardi B)","DJ Snake;Selena Gomez;Ozuna;Cardi B",2018-09-28,212500,74,true,31obk3g3hqkzzzbcgy6uonvv4zfu,2025-06-22T19:55:26Z,"reggaeton,trap latino,latin,urbano latino","DJ Snake Music Productions Limited, under exclusive license to Geffen Records",0.842,0.801,8,-4.167,0,0.228,0.157,0.00000482,0.0642,0.617,95.881,4
spotify:track:0Bo5fjMtTfCD8vHGebivqc,"Axel F","Crazy Frog presents Crazy Hits","Crazy Frog",2005-08-01,171739,76,false,31obk3g3hqkzzzbcgy6uonvv4zfu,2025-06-22T19:56:09Z,"","Mach 1",0.842,0.927,2,-1.496,1,0.0439,0.288,0.653,0.0972,0.866,138.004,4
spotify:track:0laYHRpNTS6i8FXdupHkJ4,"Love You Like A Love Song","When The Sun Goes Down","Selena Gomez & The Scene",2011-01-01,188453,88,false,31obk3g3hqkzzzbcgy6uonvv4zfu,2025-06-22T19:57:27Z,"","Hollywood Records",0.858,0.678,1,-3.87,0,0.0469,0.0761,0,0.0741,0.922,117.009,4
spotify:track:4l0Mvzj72xxOpRrp6h8nHi,"Lose You To Love Me","Rare","Selena Gomez",2020-01-10,206458,80,false,31obk3g3hqkzzzbcgy6uonvv4zfu,2025-06-22T19:58:02Z,"","Interscope Records",0.516,0.342,4,-8.985,1,0.0425,0.55,0,0.21,0.0993,102.819,4
spotify:track:52gvlDnre9craz9dKGObp8,"La La La","La La La","Naughty Boy;Sam Smith",2013-01-01,220779,73,false,31obk3g3hqkzzzbcgy6uonvv4zfu,2025-06-22T19:58:39Z,"soft pop","Virgin Records Ltd",0.754,0.677,6,-4.399,0,0.0316,0.112,0,0.111,0.254,124.988,4
spotify:track:3AzjcOeAmA57TIOr9zF1ZW,"Physical","Future Nostalgia","Dua Lipa",2020-03-27,193829,80,false,31obk3g3hqkzzzbcgy6uonvv4zfu,2025-06-22T20:00:26Z,"pop","Warner Records",0.647,0.844,0,-3.756,1,0.0457,0.0137,0.000658,0.102,0.746,146.967,4
spotify:track:3PfIrDoz19wz7qK7tYeu62,"Don't Start Now","Future Nostalgia","Dua Lipa",2020-03-27,183290,86,false,31obk3g3hqkzzzbcgy6uonvv4zfu,2025-06-22T20:00:39Z,"pop","Warner Records",0.793,0.793,11,-4.521,0,0.083,0.0123,0,0.0951,0.679,123.95,4
spotify:track:017PF4Q3l4DBUiWoXk4OWT,"Break My Heart","Future Nostalgia","Dua Lipa",2020-03-27,221820,84,false,31obk3g3hqkzzzbcgy6uonvv4zfu,2025-06-22T20:01:07Z,"pop","Warner Records",0.73,0.729,4,-3.434,0,0.0884,0.167,0.00000139,0.349,0.467,113.011,4
spotify:track:37KDlbHfnXeH0D30noZYJz,"Flash Funk","Warsongs","League of Legends;Marshmello",2016-01-14,221408,1,false,31obk3g3hqkzzzbcgy6uonvv4zfu,2025-06-22T20:02:23Z,"edm","Riot Games",0.522,0.971,2,-2.68,0,0.0447,0.0183,0.457,0.129,0.287,142.02,4
spotify:track:6Xgq7MvZiet0hVi3KaDSgJ,"Holy (feat. Chance The Rapper)","Justice","Justin Bieber;Chance the Rapper",2021-03-19,212093,70,false,31obk3g3hqkzzzbcgy6uonvv4zfu,2025-06-22T20:43:19Z,"","RBMG/Def Jam",0.67,0.693,6,-8.34,1,0.35,0.2,0,0.0909,0.388,87.017,4
spotify:track:4C6Uex2ILwJi9sZXRdmqXp,"Super Freaky Girl","Super Freaky Girl","Nicki Minaj",2022-08-12,170977,69,true,31obk3g3hqkzzzbcgy6uonvv4zfu,2025-06-22T20:44:01Z,"","Republic Records",0.95,0.891,2,-2.653,1,0.241,0.0645,0.0000177,0.309,0.912,133.01,4
spotify:track:4bBrKDo8rchikwZOtmXbIH,"The Night Is Still Young","The Pinkprint (Deluxe)","Nicki Minaj",2014-12-15,227560,63,true,31obk3g3hqkzzzbcgy6uonvv4zfu,2025-06-22T20:44:08Z,"","Nicki Minaj/Cash Money",0.655,0.692,1,-6.145,0,0.0563,0.00209,0.00286,0.128,0.694,128.008,4
spotify:track:0CAfXk7DXMnon4gLudAp7J,"Low (feat. T-Pain)","Mail on Sunday","Flo Rida;T-Pain",2008-03-17,231400,88,false,31obk3g3hqkzzzbcgy6uonvv4zfu,2025-06-22T20:47:38Z,"","Poe Boy/Atlantic",0.918,0.609,10,-5.64,0,0.0791,0.0928,0,0.139,0.304,128.008,4
spotify:track:3bC1ahPIYt1btJzSSEyyrF,"Whistle","Wild Ones","Flo Rida",2012-06-22,224653,84,false,31obk3g3hqkzzzbcgy6uonvv4zfu,2025-06-22T20:47:46Z,"","Poe Boy/Atlantic",0.747,0.937,0,-5.746,1,0.0453,0.0208,0,0.29,0.739,103.976,4
spotify:track:2S5LNtRVRPbXk01yRQ14sZ,"I Don't Like It, I Love It (feat. Robin Thicke & Verdine White)","My House","Flo Rida;Robin Thicke;Verdine White",2015-04-07,224258,69,false,31obk3g3hqkzzzbcgy6uonvv4zfu,2025-06-22T20:48:45Z,"","Poe Boy/Atlantic",0.854,0.766,9,-4.697,0,0.141,0.0242,0,0.0793,0.784,118.004,4
spotify:track:1urmwhtXPiakhcqvqUi3rp,"Brown Eyes","Survivor","Destiny's Child",2001-05-01,276093,67,false,31obk3g3hqkzzzbcgy6uonvv4zfu,2025-06-22T21:20:23Z,"","Columbia",0.566,0.573,5,-7.21,1,0.0436,0.25,0,0.0723,0.313,116.067,4
spotify:track:4n7jnSxVLd8QioibtTDBDq,"On My Way","On My Way","Alan Walker;Sabrina Carpenter;Farruko",2019-03-21,193797,75,true,31obk3g3hqkzzzbcgy6uonvv4zfu,2025-06-27T19:57:25Z,"pop,reggaeton,trap latino","Kreatell Music",0.509,0.689,1,-4.929,0,0.102,0.0209,0,0.301,0.297,170.087,4
spotify:track:6fXzdWgyZhDeLmlzC7Mvco,"Crucified","Massive Luxury Overdose","Army Of Lovers",1991,214360,62,false,31obk3g3hqkzzzbcgy6uonvv4zfu,2025-06-28T05:02:54Z,"europop","Giant",0.595,0.867,4,-11.737,0,0.0498,0.00357,0.0000533,0.382,0.469,122.118,4
spotify:track:5N0qx4UmFQdl6pSbIRNoSy,"Deadman","Deadman","KUN",2025-05-28,235787,53,false,31obk3g3hqkzzzbcgy6uonvv4zfu,2025-06-28T05:03:04Z,"chinese r&b,c-pop,mandopop","Shenhe Media/88rising Music",0.374,0.468,11,-8.074,1,0.0493,0.653,0.00135,0.121,0.309,179.368,3
spotify:track:4ZjYcAWfghKtYCBzVLOyi2,"Cyka Blyat","Cyka Blyat","DJ Blyatman;Russian Village Boys",2018-10-05,182408,52,true,31obk3g3hqkzzzbcgy6uonvv4zfu,2025-06-29T08:07:08Z,"gabber","DJ Blyatman",0.792,0.954,11,-4.279,0,0.159,0.0265,0.156,0.0609,0.682,150.013,4
spotify:track:2fKog3E5P7HVQZs2sQMFrO,"Опера #2","Философия чуда","Vitas",2001,195000,46,false,31obk3g3hqkzzzbcgy6uonvv4zfu,2025-06-29T08:07:27Z,"","Vitas",0.695,0.414,5,-8.661,0,0.0304,0.0244,0.000192,0.0725,0.544,99.714,4
spotify:track:45aBsnKRWUzhwbcqOJLwfe,"This Is Me","The Greatest Showman (Original Motion Picture Soundtrack)","Keala Settle;The Greatest Showman Ensemble",2017-12-08,234706,76,false,31obk3g3hqkzzzbcgy6uonvv4zfu,2025-07-14T07:01:29Z,"musicals","Atlantic Records",0.284,0.704,2,-7.276,1,0.186,0.00583,0.000115,0.0424,0.1,191.702,4
spotify:track:4ATqIm3kViFatdgpRRBmar,"Complicated","Songs That Aren't Mine","Matt Maltese",2024-03-08,207389,32,false,31obk3g3hqkzzzbcgy6uonvv4zfu,2025-07-14T07:09:07Z,"","Tonight Matthew",0.691,0.434,5,-7.661,1,0.0311,0.684,0.677,0.107,0.199,139.218,4
spotify:track:5ITV0zqzjOYfFWpW0xBmRa,"Show Me Love","Show Me Love","WizTheMc;bees & honey",2025-02-07,176965,84,false,31obk3g3hqkzzzbcgy6uonvv4zfu,2025-07-19T16:24:58Z,"","Bamboo Artists",0.714,0.691,1,-7.333,1,0.0434,0.0212,0.000292,0.111,0.155,107.15,4
spotify:track:2rDwdvBma1O1eLzo29p2cr,"Whataya Want from Me","For Your Entertainment","Adam Lambert",2009-11-23,227320,65,false,31obk3g3hqkzzzbcgy6uonvv4zfu,2025-07-19T17:11:27Z,"","RCA Records Label",0.44,0.683,11,-4.732,0,0.0489,0.00706,0,0.0593,0.445,185.948,4
spotify:track:6o1l9I0faXJN2iqulHrdCQ,"Crazy","St. Elsewhere","Gnarls Barkley;CeeLo Green;Danger Mouse",2006,182066,79,false,31obk3g3hqkzzzbcgy6uonvv4zfu,2025-07-19T17:16:50Z,"","Downtown/Atlantic",0.836,0.741,8,-1.609,1,0.0339,0.0172,0.0583,0.0826,0.611,111.963,4
spotify:track:41zXlQxzTi6cGAjpOXyLYH,"idontwannabeyouanymore","dont smile at me","Billie Eilish",2017-12-22,203569,81,false,31obk3g3hqkzzzbcgy6uonvv4zfu,2025-07-19T17:19:34Z,"","Darkroom",0.483,0.412,7,-8.461,1,0.0402,0.737,0,0.116,0.247,170.163,3
spotify:track:3sYZo4HrHX8tkul5FhUpVo,"RIP, Love","RIP, Love","Faouzia",2022-03-30,173942,56,false,31obk3g3hqkzzzbcgy6uonvv4zfu,2025-07-19T17:25:27Z,"","Atlantic Records",0.595,0.583,2,-7.915,0,0.0346,0.00641,0.00000285,0.325,0.422,100.018,4
spotify:track:2QfznFotJNZmnIEYFdzE5T,"Heartbreak Anniversary","Heartbreak Anniversary","GIVĒON",2020-02-21,196794,74,false,31obk3g3hqkzzzbcgy6uonvv4zfu,2025-07-19T17:51:08Z,"r&b","Epic/Not So Fast",0.624,0.457,0,-8.876,1,0.0494,0.557,0,0.128,0.586,129.758,4
spotify:track:1Tn0b93GeEZ1wDDRpT6WhM,"Fallin' Out","Just Like You","Keyshia Cole",2007-01-01,266960,50,false,31obk3g3hqkzzzbcgy6uonvv4zfu,2025-07-19T17:51:22Z,"r&b","Geffen",0.439,0.644,11,-3.721,0,0.042,0.122,0,0.901,0.419,197.273,3
spotify:track:6brl7bwOHmGFkNw3MBqssT,"So Sick","In My Own Words","Ne-Yo",2006-01-01,207186,85,false,31obk3g3hqkzzzbcgy6uonvv4zfu,2025-07-19T17:52:20Z,"","Def Soul",0.452,0.574,6,-8.336,1,0.311,0.245,0,0.189,0.578,92.795,4
spotify:track:3LmvfNUQtglbTrydsdIqFU,"We Belong Together","The Emancipation of Mimi","Mariah Carey",2005-04-12,201400,76,false,31obk3g3hqkzzzbcgy6uonvv4zfu,2025-07-19T17:53:02Z,"christmas","Island Records",0.833,0.467,0,-7.89,1,0.0619,0.0339,0,0.09,0.767,139.971,4
spotify:track:6CFPFnS9EcLs2I0nWqtWci,"Because Of You","Because Of You","Ne-Yo",2007-01-01,266840,82,false,31obk3g3hqkzzzbcgy6uonvv4zfu,2025-07-19T17:54:39Z,"","Def Soul",0.81,0.538,0,-5.783,0,0.0357,0.53,0,0.0951,0.832,109.97,4
spotify:track:5QO79kh1waicV47BqGRL3g,"Save Your Tears","After Hours","The Weeknd",2020-03-20,215626,90,true,31obk3g3hqkzzzbcgy6uonvv4zfu,2025-07-19T17:55:23Z,"","Republic Records",0.679,0.825,0,-5.487,1,0.0309,0.0212,0.0000121,0.543,0.644,118.049,4
spotify:track:3goSVuTt3fDYDP6kRnFwuL,"Take A Bow","Good Girl Gone Bad: Reloaded","Rihanna",2008-06-02,229413,80,false,31obk3g3hqkzzzbcgy6uonvv4zfu,2025-07-19T17:57:43Z,"","Def Jam Recordings",0.518,0.467,9,-7.536,1,0.162,0.248,0,0.0941,0.559,79.965,4
spotify:track:7wZUrN8oemZfsEd1CGkbXE,"Bleeding Love","Spirit","Leona Lewis",2007,262466,83,false,31obk3g3hqkzzzbcgy6uonvv4zfu,2025-07-19T17:57:53Z,"","Syco Music UK",0.638,0.656,5,-5.886,1,0.0357,0.188,0,0.146,0.225,104.036,4
spotify:track:0ARK753YaiJbpLUk7z5yIM,"Dilemma","Nellyville","Nelly;Kelly Rowland",2002-06-25,289160,85,true,31obk3g3hqkzzzbcgy6uonvv4zfu,2025-07-19T17:58:21Z,"","Motown",0.727,0.552,2,-8.074,0,0.14,0.226,0.00016,0.198,0.607,168.19,4
spotify:track:3AoeaZs8dFemFJr3JdzOL0,"You Are Not Alone","HIStory - PAST, PRESENT AND FUTURE - BOOK I","Michael Jackson",1995-06-16,344826,81,false,31obk3g3hqkzzzbcgy6uonvv4zfu,2025-07-19T18:00:04Z,"","Epic",0.651,0.402,11,-9.303,1,0.028,0.639,0.0000773,0.0765,0.258,119.873,4
spotify:track:2oYc1g81hj2vgiOjzhUN9A,"浆果(One Piece)","浆果(One Piece)","DLSS(Phonk)",2025-02-14,123671,44,false,31obk3g3hqkzzzbcgy6uonvv4zfu,2025-07-19T18:02:14Z,"chinese r&b","独立发行",0.44,0.198,2,-18.275,1,0.0455,0.562,0.647,0.246,0.126,118.252,4
spotify:track:0qOnSQQF0yzuPWsXrQ9paz,"Stereo Hearts (feat. Adam Levine)","The Papercut Chronicles II","Gym Class Heroes;Adam Levine",2011-11-11,210960,89,false,31obk3g3hqkzzzbcgy6uonvv4zfu,2025-07-22T18:45:12Z,"","Decaydance/Fueled By Ramen",0.646,0.795,9,-3.293,1,0.0976,0.0319,0,0.267,0.796,89.99,4
spotify:track:0BKvzaT15jI9cez1BGf8kS,"Watch Me Work","Watch Me Work","Tinashe",2014,269160,49,true,31obk3g3hqkzzzbcgy6uonvv4zfu,2025-09-20T15:21:20Z,"alternative r&b","RCA Records Label",0.584,0.629,8,-6.696,0,0.0411,0.187,0,0.306,0.813,200.04,4
spotify:track:2YzmfPLqUx5CJOaw5ThsBV,"Plain Jane REMIX (feat. Nicki Minaj)","Plain Jane REMIX (feat. Nicki Minaj)","A$AP Ferg;Nicki Minaj",2017-12-15,202636,70,true,31obk3g3hqkzzzbcgy6uonvv4zfu,2025-09-27T13:11:04Z,"rap","A$AP Worldwide/Polo Grounds Music/RCA Records",0.791,0.839,11,-4.284,1,0.266,0.0588,0.0000626,0.259,0.383,170.113,4
spotify:track:0Gl5s8IhMmQE5YQwM8Qx1J,"Never Enough","The Greatest Showman (Original Motion Picture Soundtrack)","Loren Allred",2017-12-08,207786,80,false,31obk3g3hqkzzzbcgy6uonvv4zfu,2025-10-06T13:09:21Z,"","Atlantic Records",0.277,0.394,8,-8.903,1,0.0336,0.423,0,0.0952,0.227,86.777,3
spotify:track:6mb6lVLNrcUgLnEN8QnDJd,"How Far I'll Go","Moana (Original Motion Picture Soundtrack/Deluxe Edition)","Auli'i Cravalho;Disney",2016-11-18,163386,78,false,31obk3g3hqkzzzbcgy6uonvv4zfu,2025-10-07T12:12:56Z,"","Walt Disney Records",0.571,0.307,1,-10.958,0,0.0499,0.649,0,0.178,0.108,83.72,4
spotify:track:7o9qVPLe7MI7XhdAS1PkrN,"Zoo - From ""Zootopia 2""","Zoo (From ""Zootopia 2"")","Disney;Shakira",2025-10-10,190822,76,false,31obk3g3hqkzzzbcgy6uonvv4zfu,2025-12-01T15:31:18Z,"latin pop","Walt Disney Records",0.856,0.8,2,-5.892,1,0.0839,0.332,0,0.167,0.903,129.033,4
spotify:track:2h9TDNEXRhcDIV3fsoEVq9,"What Other People Say","What Other People Say","Sam Fischer;Demi Lovato",2021-02-04,194890,58,true,31obk3g3hqkzzzbcgy6uonvv4zfu,2026-01-02T16:25:04Z,"","RCA Records Label",0.652,0.472,7,-8.084,1,0.0399,0.158,0,0.121,0.24,126.904,4
spotify:track:65fpYBrI8o2cfrwf2US4gq,"Rewrite The Stars","The Greatest Showman (Original Motion Picture Soundtrack)","Zac Efron;Zendaya",2017-12-08,217440,76,false,31obk3g3hqkzzzbcgy6uonvv4zfu,2026-01-08T15:49:06Z,"musicals","Atlantic Records",0.684,0.619,10,-7.005,1,0.0386,0.0716,0,0.122,0.284,125.046,4
spotify:track:4ylWMuGbMXNDgDd8lErEle,"The Greatest Show","The Greatest Showman (Original Motion Picture Soundtrack)","Hugh Jackman;Keala Settle;Zac Efron;Zendaya;The Greatest Showman Ensemble",2017-12-08,302146,75,false,31obk3g3hqkzzzbcgy6uonvv4zfu,2026-01-12T06:03:42Z,"musicals","Atlantic Records",0.417,0.824,11,-7.36,0,0.105,0.000239,0.0545,0.0725,0.4,157.92,4
spotify:track:3ERa3mEeOnrh2Mc47qM6T1,"Halo","I AM...SASHA FIERCE","Beyoncé",2008-11-14,261640,71,false,31obk3g3hqkzzzbcgy6uonvv4zfu,2026-01-16T07:17:06Z,"","Music World Music/Columbia",0.508,0.72,11,-5.908,0,0.0628,0.272,0,0.0563,0.472,79.983,4
spotify:track:1oFAF1hdPOickyHgbuRjyX,"Save Your Tears (Remix) (with Ariana Grande) - Bonus Track","After Hours (Deluxe)","The Weeknd;Ariana Grande",2020-03-20,191013,87,false,31obk3g3hqkzzzbcgy6uonvv4zfu,2026-04-12T14:32:29Z,"pop","XO / Republic Records",0.65,0.825,0,-4.645,1,0.0325,0.0215,0.0000244,0.0936,0.593,118.091,4
spotify:track:2ZBNclC5wm4GtiWaeh0DMx,"Single Ladies (Put a Ring on It)","I AM...SASHA FIERCE","Beyoncé",2008-11-14,193213,69,false,31obk3g3hqkzzzbcgy6uonvv4zfu,2026-04-26T17:20:52Z,"","Music World Music/Columbia",0.426,0.584,1,-5.293,1,0.296,0.0383,0,0.188,0.272,193.437,4
spotify:track:1lcBt7LoEikqYmhUoa2cez,"number one girl","rosie","ROSÉ",2024-12-06,216442,78,false,31obk3g3hqkzzzbcgy6uonvv4zfu,2026-04-26T17:21:24Z,"k-pop","Atlantic Records",0.288,0.377,7,-7.775,1,0.0317,0.288,0,0.101,0.135,175.43,3
spotify:track:1z5ebC9238uGoBgzYyvGpQ,"toxic till the end","rosie","ROSÉ",2024-12-06,156685,82,false,31obk3g3hqkzzzbcgy6uonvv4zfu,2026-04-26T17:21:56Z,"k-pop","Atlantic Records",0.413,0.604,7,-5.628,1,0.0999,0.0498,0,0.114,0.296,167.232,4
spotify:track:0kN8xEmgMW9mh7UmDYHlJP,"Versace on the Floor","24K Magic","Bruno Mars",2016-11-18,261240,85,false,31obk3g3hqkzzzbcgy6uonvv4zfu,2026-07-22T16:59:50Z,"","Atlantic Records",0.578,0.574,2,-6.209,1,0.0454,0.196,0,0.083,0.301,174.152,4
spotify:track:5gdvE6B5GwNSNfnlMydAdI,"Jar Of Love","Everything In The World","Wanting",2012-04-24,229026,53,false,31obk3g3hqkzzzbcgy6uonvv4zfu,2026-07-24T15:31:14Z,"mandopop,c-pop,taiwanese pop","Nettwerk Music Group",0.667,0.783,0,-5.358,0,0.034,0.0184,0.00000469,0.161,0.638,125.977,4
spotify:track:6r5sN1MDlPrisdOdktoHVg,"Hey Jude","自選集","Stefanie Sun",2002,274866,36,false,31obk3g3hqkzzzbcgy6uonvv4zfu,2026-07-24T15:31:32Z,"mandopop,taiwanese pop,c-pop,malay pop,cantopop","WM Taiwan",0.548,0.348,8,-6.863,1,0.0242,0.547,0.000201,0.123,0.297,148.071,4
spotify:track:6R6ZoHTypt5lt68MWbzZXv,"Sour Candy (with BLACKPINK)","Sour Candy (with BLACKPINK)","Lady Gaga;BLACKPINK",2020-05-28,157706,64,false,31obk3g3hqkzzzbcgy6uonvv4zfu,2026-07-26T10:51:31Z,"art pop,pop,k-pop","Interscope Records",0.752,0.87,9,-3.812,0,0.0623,0.0604,0.0000112,0.489,0.784,120.006,4
spotify:track:76HyU4x0lvucRXTXeCca0I,"Aphrodite","Shangri-La Is Calling","The Chairs",2022-07-08,233222,42,false,31obk3g3hqkzzzbcgy6uonvv4zfu,2026-08-10T16:57:55Z,"taiwanese indie,chinese indie,chinese rock,taiwanese pop","Sound of Tomorrow Ltd.",0.668,0.495,8,-9.456,1,0.0307,0.354,0.00075,0.0915,0.593,88.978,4
spotify:track:4pRRfP2Am63L3ceORjdY5Q,"Lonestar","Shangri-La Is Calling","The Chairs",2022-07-08,268386,31,false,31obk3g3hqkzzzbcgy6uonvv4zfu,2026-08-10T16:58:20Z,"taiwanese indie,chinese indie,chinese rock,taiwanese pop","Sound of Tomorrow Ltd.",0.462,0.68,4,-7.606,1,0.0415,0.412,0.0000297,0.153,0.52,179.942,4
spotify:track:4ATqIm3kViFatdgpRRBmar,"Complicated","Songs That Aren't Mine","Matt Maltese",2024-03-08,207389,32,false,31obk3g3hqkzzzbcgy6uonvv4zfu,2026-08-22T13:44:54Z,"","Tonight Matthew",0.691,0.434,5,-7.661,1,0.0311,0.684,0.677,0.107,0.199,139.218,4
spotify:track:0Uyh92tLyb9JawG8lmWCzJ,"Differences","The Life","Ginuwine",2001-04-03,265533,71,false,31obk3g3hqkzzzbcgy6uonvv4zfu,2026-08-24T13:26:45Z,"r&b","Epic",0.562,0.594,3,-4.578,0,0.0558,0.318,0,0.311,0.423,62.876,4
